== phase run: the n=5 L=8 rung ==
   K = 3865 orbits; grid [0.46]
      [block p=0.46] chunk 1/8295  12s  (eta 97258s)
      [block p=0.46] chunk 9/8295  85s  (eta 77824s)
      [block p=0.46] chunk 17/8295  165s  (eta 80245s)
      [block p=0.46] chunk 25/8295  250s  (eta 82541s)
      [block p=0.46] chunk 33/8295  348s  (eta 87005s)
      [block p=0.46] chunk 41/8295  426s  (eta 85825s)
== phase run: the n=5 L=8 rung ==
   K = 3865 orbits; grid [0.46]
   [block p=0.46] RESUMED at chunk 42/8295 (state 06:19:19)
      [block p=0.46] chunk 49/8295  90s  (eta 15206s)
      [block p=0.46] chunk 57/8295  181s  (eta 26177s)
      [block p=0.46] chunk 65/8295  267s  (eta 33776s)
      [block p=0.46] chunk 73/8295  353s  (eta 39728s)
      [block p=0.46] chunk 81/8295  433s  (eta 43943s)
== phase run: the n=5 L=8 rung ==
   K = 3865 orbits; grid [0.46]
   [block p=0.46] RESUMED at chunk 82/8295 (state 06:54:56)
      [block p=0.46] chunk 89/8295  98s  (eta 8994s)
      [block p=0.46] chunk 97/8295  191s  (eta 16112s)
      [block p=0.46] chunk 105/8295  278s  (eta 21688s)
      [block p=0.46] chunk 113/8295  366s  (eta 26494s)
      [block p=0.46] chunk 121/8295  460s  (eta 31071s)
== phase run: the n=5 L=8 rung ==
   K = 3865 orbits; grid [0.46]
   [block p=0.46] RESUMED at chunk 122/8295 (state 07:04:08)
      [block p=0.46] chunk 129/8295  89s  (eta 5607s)
      [block p=0.46] chunk 137/8295  183s  (eta 10922s)
      [block p=0.46] chunk 145/8295  259s  (eta 14580s)
      [block p=0.46] chunk 153/8295  356s  (eta 18922s)
      [block p=0.46] chunk 161/8295  442s  (eta 22315s)
== phase run: the n=5 L=8 rung ==
   K = 3865 orbits; grid [0.46]
   [block p=0.46] RESUMED at chunk 162/8295 (state 07:12:33)
      [block p=0.46] chunk 169/8295  93s  (eta 4474s)
      [block p=0.46] chunk 177/8295  177s  (eta 8140s)
      [block p=0.46] chunk 185/8295  286s  (eta 12534s)
      [block p=0.46] chunk 193/8295  374s  (eta 15705s)
      [block p=0.46] chunk 201/8295  465s  (eta 18732s)
== phase run: the n=5 L=8 rung ==
   K = 3865 orbits; grid [0.46]
   [block p=0.46] RESUMED at chunk 202/8295 (state 07:23:02)
      [block p=0.46] chunk 209/8295  87s  (eta 3372s)
      [block p=0.46] chunk 217/8295  173s  (eta 6450s)
      [block p=0.46] chunk 225/8295  256s  (eta 9178s)
      [block p=0.46] chunk 233/8295  344s  (eta 11888s)
      [block p=0.46] chunk 241/8295  439s  (eta 14671s)
== phase run: the n=5 L=8 rung ==
   K = 3865 orbits; grid [0.46]
   [block p=0.46] RESUMED at chunk 242/8295 (state 07:44:23)
      [block p=0.46] chunk 249/8295  90s  (eta 2912s)
      [block p=0.46] chunk 257/8295  180s  (eta 5631s)
      [block p=0.46] chunk 265/8295  283s  (eta 8591s)
      [block p=0.46] chunk 273/8295  388s  (eta 11393s)
      [block p=0.46] chunk 281/8295  489s  (eta 13938s)
== phase run: the n=5 L=8 rung ==
   K = 3865 orbits; grid [0.46]
   [block p=0.46] RESUMED at chunk 282/8295 (state 07:53:57)
      [block p=0.46] chunk 289/8295  77s  (eta 2144s)
      [block p=0.46] chunk 297/8295  177s  (eta 4779s)
      [block p=0.46] chunk 305/8295  266s  (eta 6974s)
      [block p=0.46] chunk 313/8295  356s  (eta 9082s)
      [block p=0.46] chunk 321/8295  447s  (eta 11112s)
== phase run: the n=5 L=8 rung ==
   K = 3865 orbits; grid [0.46]
   [block p=0.46] RESUMED at chunk 322/8295 (state 08:17:28)
      [block p=0.46] chunk 329/8295  97s  (eta 2350s)
      [block p=0.46] chunk 337/8295  196s  (eta 4618s)
      [block p=0.46] chunk 345/8295  280s  (eta 6444s)
      [block p=0.46] chunk 353/8295  371s  (eta 8347s)
      [block p=0.46] chunk 361/8295  451s  (eta 9922s)
== phase run: the n=5 L=8 rung ==
   K = 3865 orbits; grid [0.46]
   [block p=0.46] RESUMED at chunk 362/8295 (state 08:26:18)
      [block p=0.46] chunk 369/8295  93s  (eta 1995s)
      [block p=0.46] chunk 377/8295  189s  (eta 3970s)
      [block p=0.46] chunk 385/8295  285s  (eta 5853s)
      [block p=0.46] chunk 393/8295  372s  (eta 7476s)
      [block p=0.46] chunk 401/8295  476s  (eta 9364s)
== phase run: the n=5 L=8 rung ==
   K = 3865 orbits; grid [0.46]
   [block p=0.46] RESUMED at chunk 402/8295 (state 08:46:21)
      [block p=0.46] chunk 409/8295  91s  (eta 1751s)
      [block p=0.46] chunk 417/8295  179s  (eta 3379s)
      [block p=0.46] chunk 425/8295  266s  (eta 4930s)
      [block p=0.46] chunk 433/8295  364s  (eta 6611s)
      [block p=0.46] chunk 441/8295  455s  (eta 8107s)
== phase run: the n=5 L=8 rung ==
   K = 3865 orbits; grid [0.46]
   [block p=0.46] RESUMED at chunk 442/8295 (state 08:54:45)
      [block p=0.46] chunk 449/8295  98s  (eta 1711s)
      [block p=0.46] chunk 457/8295  205s  (eta 3509s)
      [block p=0.46] chunk 465/8295  301s  (eta 5064s)
      [block p=0.46] chunk 473/8295  403s  (eta 6657s)
      [block p=0.46] chunk 481/8295  499s  (eta 8107s)
== phase run: the n=5 L=8 rung ==
   K = 3865 orbits; grid [0.46]
   [block p=0.46] RESUMED at chunk 482/8295 (state 09:26:08)
      [block p=0.46] chunk 489/8295  91s  (eta 1456s)
      [block p=0.46] chunk 497/8295  183s  (eta 2878s)
      [block p=0.46] chunk 505/8295  267s  (eta 4122s)
      [block p=0.46] chunk 513/8295  376s  (eta 5698s)
      [block p=0.46] chunk 521/8295  486s  (eta 7251s)
== phase run: the n=5 L=8 rung ==
   K = 3865 orbits; grid [0.46]
   [block p=0.46] RESUMED at chunk 522/8295 (state 09:51:24)
      [block p=0.46] chunk 529/8295  83s  (eta 1224s)
      [block p=0.46] chunk 537/8295  177s  (eta 2560s)
      [block p=0.46] chunk 545/8295  272s  (eta 3870s)
      [block p=0.46] chunk 553/8295  358s  (eta 5007s)
      [block p=0.46] chunk 561/8295  438s  (eta 6043s)
== phase run: the n=5 L=8 rung ==
   K = 3865 orbits; grid [0.46]
   [block p=0.46] RESUMED at chunk 562/8295 (state 09:59:22)
      [block p=0.46] chunk 569/8295  88s  (eta 1195s)
      [block p=0.46] chunk 577/8295  182s  (eta 2435s)
      [block p=0.46] chunk 585/8295  282s  (eta 3721s)
      [block p=0.46] chunk 593/8295  379s  (eta 4925s)
      [block p=0.46] chunk 601/8295  469s  (eta 6007s)
== phase run: the n=5 L=8 rung ==
   K = 3865 orbits; grid [0.46]
   [block p=0.46] RESUMED at chunk 602/8295 (state 10:08:37)
      [block p=0.46] chunk 609/8295  98s  (eta 1233s)
      [block p=0.46] chunk 617/8295  202s  (eta 2511s)
      [block p=0.46] chunk 625/8295  312s  (eta 3827s)
      [block p=0.46] chunk 633/8295  398s  (eta 4813s)
      [block p=0.46] chunk 641/8295  482s  (eta 5753s)
== phase run: the n=5 L=8 rung ==
   K = 3865 orbits; grid [0.46]
   [block p=0.46] RESUMED at chunk 642/8295 (state 10:20:43)
      [block p=0.46] chunk 649/8295  84s  (eta 988s)
      [block p=0.46] chunk 657/8295  190s  (eta 2208s)
      [block p=0.46] chunk 665/8295  299s  (eta 3426s)
      [block p=0.46] chunk 673/8295  388s  (eta 4400s)
      [block p=0.46] chunk 681/8295  495s  (eta 5540s)
== phase run: the n=5 L=8 rung ==
   K = 3865 orbits; grid [0.46]
   [block p=0.46] RESUMED at chunk 682/8295 (state 10:29:43)
      [block p=0.46] chunk 689/8295  99s  (eta 1093s)
      [block p=0.46] chunk 697/8295  189s  (eta 2064s)
      [block p=0.46] chunk 705/8295  294s  (eta 3161s)
      [block p=0.46] chunk 713/8295  388s  (eta 4129s)
      [block p=0.46] chunk 721/8295  483s  (eta 5074s)
== phase run: the n=5 L=8 rung ==
   K = 3865 orbits; grid [0.46]
   [block p=0.46] RESUMED at chunk 722/8295 (state 10:38:15)
      [block p=0.46] chunk 729/8295  100s  (eta 1042s)
      [block p=0.46] chunk 737/8295  191s  (eta 1956s)
      [block p=0.46] chunk 745/8295  291s  (eta 2948s)
      [block p=0.46] chunk 753/8295  390s  (eta 3902s)
      [block p=0.46] chunk 761/8295  488s  (eta 4831s)
== phase run: the n=5 L=8 rung ==
   K = 3865 orbits; grid [0.46]
   [block p=0.46] RESUMED at chunk 762/8295 (state 10:51:12)
      [block p=0.46] chunk 769/8295  78s  (eta 763s)
      [block p=0.46] chunk 777/8295  162s  (eta 1566s)
      [block p=0.46] chunk 785/8295  251s  (eta 2402s)
      [block p=0.46] chunk 793/8295  332s  (eta 3145s)
      [block p=0.46] chunk 801/8295  421s  (eta 3938s)
      [block p=0.46] chunk 809/8295  512s  (eta 4733s)
== phase run: the n=5 L=8 rung ==
   K = 3865 orbits; grid [0.46]
   [block p=0.46] RESUMED at chunk 810/8295 (state 11:01:21)
      [block p=0.46] chunk 817/8295  94s  (eta 860s)
      [block p=0.46] chunk 825/8295  193s  (eta 1748s)
      [block p=0.46] chunk 833/8295  273s  (eta 2445s)
      [block p=0.46] chunk 841/8295  366s  (eta 3242s)
      [block p=0.46] chunk 849/8295  460s  (eta 4033s)
== phase run: the n=5 L=8 rung ==
   K = 3865 orbits; grid [0.46]
   [block p=0.46] RESUMED at chunk 850/8295 (state 11:09:17)
      [block p=0.46] chunk 857/8295  92s  (eta 797s)
      [block p=0.46] chunk 865/8295  181s  (eta 1554s)
      [block p=0.46] chunk 873/8295  267s  (eta 2268s)
      [block p=0.46] chunk 881/8295  374s  (eta 3151s)
      [block p=0.46] chunk 889/8295  471s  (eta 3921s)
== phase run: the n=5 L=8 rung ==
   K = 3865 orbits; grid [0.46]
   [block p=0.46] RESUMED at chunk 890/8295 (state 11:21:15)
      [block p=0.46] chunk 897/8295  94s  (eta 779s)
      [block p=0.46] chunk 905/8295  175s  (eta 1430s)
      [block p=0.46] chunk 913/8295  274s  (eta 2214s)
      [block p=0.46] chunk 921/8295  370s  (eta 2963s)
      [block p=0.46] chunk 929/8295  459s  (eta 3640s)
== phase run: the n=5 L=8 rung ==
   K = 3865 orbits; grid [0.46]
   [block p=0.46] RESUMED at chunk 930/8295 (state 11:47:28)
      [block p=0.46] chunk 937/8295  97s  (eta 765s)
      [block p=0.46] chunk 945/8295  193s  (eta 1504s)
      [block p=0.46] chunk 953/8295  299s  (eta 2306s)
      [block p=0.46] chunk 961/8295  403s  (eta 3074s)
      [block p=0.46] chunk 969/8295  501s  (eta 3784s)
== phase run: the n=5 L=8 rung ==
   K = 3865 orbits; grid [0.46]
   [block p=0.46] RESUMED at chunk 970/8295 (state 11:56:53)
      [block p=0.46] chunk 977/8295  85s  (eta 635s)
      [block p=0.46] chunk 985/8295  166s  (eta 1232s)
      [block p=0.46] chunk 993/8295  257s  (eta 1888s)
      [block p=0.46] chunk 1001/8295  357s  (eta 2600s)
      [block p=0.46] chunk 1009/8295  443s  (eta 3202s)
== phase run: the n=5 L=8 rung ==
   K = 3865 orbits; grid [0.46]
   [block p=0.46] RESUMED at chunk 1010/8295 (state 12:14:08)
      [block p=0.46] chunk 1017/8295  94s  (eta 672s)
      [block p=0.46] chunk 1025/8295  187s  (eta 1329s)
      [block p=0.46] chunk 1033/8295  278s  (eta 1952s)
      [block p=0.46] chunk 1041/8295  366s  (eta 2548s)
      [block p=0.46] chunk 1049/8295  456s  (eta 3152s)
== phase run: the n=5 L=8 rung ==
   K = 3865 orbits; grid [0.46]
   [block p=0.46] RESUMED at chunk 1050/8295 (state 12:23:06)
      [block p=0.46] chunk 1057/8295  94s  (eta 642s)
      [block p=0.46] chunk 1065/8295  187s  (eta 1272s)
      [block p=0.46] chunk 1073/8295  277s  (eta 1863s)
      [block p=0.46] chunk 1081/8295  381s  (eta 2542s)
      [block p=0.46] chunk 1089/8295  474s  (eta 3138s)
== phase run: the n=5 L=8 rung ==
   K = 3865 orbits; grid [0.46]
   [block p=0.46] RESUMED at chunk 1090/8295 (state 12:32:08)
      [block p=0.46] chunk 1097/8295  104s  (eta 682s)
      [block p=0.46] chunk 1105/8295  196s  (eta 1275s)
      [block p=0.46] chunk 1113/8295  283s  (eta 1825s)
      [block p=0.46] chunk 1121/8295  364s  (eta 2331s)
      [block p=0.46] chunk 1129/8295  444s  (eta 2817s)
== phase run: the n=5 L=8 rung ==
   K = 3865 orbits; grid [0.46]
   [block p=0.46] RESUMED at chunk 1130/8295 (state 12:50:12)
      [block p=0.46] chunk 1137/8295  104s  (eta 653s)
      [block p=0.46] chunk 1145/8295  202s  (eta 1261s)
      [block p=0.46] chunk 1153/8295  287s  (eta 1775s)
      [block p=0.46] chunk 1161/8295  382s  (eta 2345s)
      [block p=0.46] chunk 1169/8295  475s  (eta 2898s)
== phase run: the n=5 L=8 rung ==
   K = 3865 orbits; grid [0.46]
   [block p=0.46] RESUMED at chunk 1170/8295 (state 13:01:50)
      [block p=0.46] chunk 1177/8295  88s  (eta 531s)
      [block p=0.46] chunk 1185/8295  179s  (eta 1077s)
      [block p=0.46] chunk 1193/8295  271s  (eta 1615s)
      [block p=0.46] chunk 1201/8295  370s  (eta 2183s)
      [block p=0.46] chunk 1209/8295  465s  (eta 2726s)
== phase run: the n=5 L=8 rung ==
   K = 3865 orbits; grid [0.46]
   [block p=0.46] RESUMED at chunk 1210/8295 (state 13:10:23)
      [block p=0.46] chunk 1217/8295  98s  (eta 569s)
      [block p=0.46] chunk 1225/8295  189s  (eta 1091s)
      [block p=0.46] chunk 1233/8295  285s  (eta 1631s)
      [block p=0.46] chunk 1241/8295  386s  (eta 2192s)
      [block p=0.46] chunk 1249/8295  481s  (eta 2712s)
== phase run: the n=5 L=8 rung ==
   K = 3865 orbits; grid [0.46]
   [block p=0.46] RESUMED at chunk 1250/8295 (state 13:23:22)
      [block p=0.46] chunk 1257/8295  87s  (eta 486s)
      [block p=0.46] chunk 1265/8295  177s  (eta 986s)
      [block p=0.46] chunk 1273/8295  288s  (eta 1590s)
      [block p=0.46] chunk 1281/8295  386s  (eta 2112s)
      [block p=0.46] chunk 1289/8295  481s  (eta 2617s)
== phase run: the n=5 L=8 rung ==
   K = 3865 orbits; grid [0.46]
   [block p=0.46] RESUMED at chunk 1290/8295 (state 13:32:10)
      [block p=0.46] chunk 1297/8295  98s  (eta 529s)
      [block p=0.46] chunk 1305/8295  192s  (eta 1026s)
      [block p=0.46] chunk 1313/8295  283s  (eta 1507s)
      [block p=0.46] chunk 1321/8295  375s  (eta 1979s)
      [block p=0.46] chunk 1329/8295  465s  (eta 2435s)
== phase run: the n=5 L=8 rung ==
   K = 3865 orbits; grid [0.46]
   [block p=0.46] RESUMED at chunk 1330/8295 (state 13:40:37)
      [block p=0.46] chunk 1337/8295  103s  (eta 538s)
      [block p=0.46] chunk 1345/8295  192s  (eta 992s)
      [block p=0.46] chunk 1353/8295  273s  (eta 1399s)
      [block p=0.46] chunk 1361/8295  364s  (eta 1855s)
      [block p=0.46] chunk 1369/8295  471s  (eta 2385s)
== phase run: the n=5 L=8 rung ==
   K = 3865 orbits; grid [0.46]
   [block p=0.46] RESUMED at chunk 1370/8295 (state 13:51:37)
      [block p=0.46] chunk 1377/8295  91s  (eta 459s)
      [block p=0.46] chunk 1385/8295  180s  (eta 900s)
      [block p=0.46] chunk 1393/8295  261s  (eta 1294s)
      [block p=0.46] chunk 1401/8295  356s  (eta 1752s)
      [block p=0.46] chunk 1409/8295  445s  (eta 2177s)
== phase run: the n=5 L=8 rung ==
   K = 3865 orbits; grid [0.46]
   [block p=0.46] RESUMED at chunk 1410/8295 (state 13:59:55)
      [block p=0.46] chunk 1417/8295  92s  (eta 447s)
      [block p=0.46] chunk 1425/8295  178s  (eta 859s)
      [block p=0.46] chunk 1433/8295  273s  (eta 1309s)
      [block p=0.46] chunk 1441/8295  358s  (eta 1704s)
      [block p=0.46] chunk 1449/8295  455s  (eta 2149s)
== phase run: the n=5 L=8 rung ==
   K = 3865 orbits; grid [0.46]
   [block p=0.46] RESUMED at chunk 1450/8295 (state 14:08:49)
      [block p=0.46] chunk 1457/8295  87s  (eta 409s)
      [block p=0.46] chunk 1465/8295  167s  (eta 777s)
      [block p=0.46] chunk 1473/8295  256s  (eta 1188s)
      [block p=0.46] chunk 1481/8295  352s  (eta 1620s)
      [block p=0.46] chunk 1489/8295  435s  (eta 1989s)
== phase run: the n=5 L=8 rung ==
   K = 3865 orbits; grid [0.46]
   [block p=0.46] RESUMED at chunk 1490/8295 (state 14:19:56)
      [block p=0.46] chunk 1497/8295  88s  (eta 400s)
      [block p=0.46] chunk 1505/8295  168s  (eta 756s)
      [block p=0.46] chunk 1513/8295  259s  (eta 1162s)
      [block p=0.46] chunk 1521/8295  366s  (eta 1632s)
      [block p=0.46] chunk 1529/8295  458s  (eta 2026s)
== phase run: the n=5 L=8 rung ==
   K = 3865 orbits; grid [0.46]
   [block p=0.46] RESUMED at chunk 1530/8295 (state 14:29:03)
      [block p=0.46] chunk 1537/8295  92s  (eta 405s)
      [block p=0.46] chunk 1545/8295  176s  (eta 767s)
      [block p=0.46] chunk 1553/8295  261s  (eta 1133s)
      [block p=0.46] chunk 1561/8295  356s  (eta 1536s)
      [block p=0.46] chunk 1569/8295  446s  (eta 1910s)
== phase run: the n=5 L=8 rung ==
   K = 3865 orbits; grid [0.46]
   [block p=0.46] RESUMED at chunk 1570/8295 (state 14:37:39)
      [block p=0.46] chunk 1577/8295  80s  (eta 342s)
      [block p=0.46] chunk 1585/8295  177s  (eta 748s)
      [block p=0.46] chunk 1593/8295  276s  (eta 1161s)
      [block p=0.46] chunk 1601/8295  369s  (eta 1542s)
      [block p=0.46] chunk 1609/8295  456s  (eta 1895s)
== phase run: the n=5 L=8 rung ==
   K = 3865 orbits; grid [0.46]
   [block p=0.46] RESUMED at chunk 1610/8295 (state 14:50:16)
      [block p=0.46] chunk 1617/8295  91s  (eta 376s)
      [block p=0.46] chunk 1625/8295  194s  (eta 794s)
      [block p=0.46] chunk 1633/8295  287s  (eta 1172s)
      [block p=0.46] chunk 1641/8295  382s  (eta 1550s)
      [block p=0.46] chunk 1649/8295  477s  (eta 1921s)
== phase run: the n=5 L=8 rung ==
   K = 3865 orbits; grid [0.46]
   [block p=0.46] RESUMED at chunk 1650/8295 (state 14:59:24)
      [block p=0.46] chunk 1657/8295  87s  (eta 348s)
      [block p=0.46] chunk 1665/8295  178s  (eta 708s)
      [block p=0.46] chunk 1673/8295  278s  (eta 1100s)
      [block p=0.46] chunk 1681/8295  384s  (eta 1513s)
      [block p=0.46] chunk 1689/8295  485s  (eta 1898s)
== phase run: the n=5 L=8 rung ==
   K = 3865 orbits; grid [0.46]
   [block p=0.46] RESUMED at chunk 1690/8295 (state 15:08:32)
      [block p=0.46] chunk 1697/8295  101s  (eta 395s)
      [block p=0.46] chunk 1705/8295  199s  (eta 768s)
      [block p=0.46] chunk 1713/8295  303s  (eta 1166s)
      [block p=0.46] chunk 1721/8295  412s  (eta 1572s)
      [block p=0.46] chunk 1729/8295  504s  (eta 1915s)
== phase run: the n=5 L=8 rung ==
   K = 3865 orbits; grid [0.46]
   [block p=0.46] RESUMED at chunk 1730/8295 (state 15:21:12)
      [block p=0.46] chunk 1737/8295  92s  (eta 347s)
      [block p=0.46] chunk 1745/8295  176s  (eta 660s)
      [block p=0.46] chunk 1753/8295  282s  (eta 1053s)
      [block p=0.46] chunk 1761/8295  385s  (eta 1427s)
      [block p=0.46] chunk 1769/8295  483s  (eta 1781s)
== phase run: the n=5 L=8 rung ==
   K = 3865 orbits; grid [0.46]
   [block p=0.46] RESUMED at chunk 1770/8295 (state 15:29:35)
      [block p=0.46] chunk 1777/8295  89s  (eta 327s)
      [block p=0.46] chunk 1785/8295  192s  (eta 699s)
      [block p=0.46] chunk 1793/8295  291s  (eta 1055s)
      [block p=0.46] chunk 1801/8295  386s  (eta 1393s)
      [block p=0.46] chunk 1809/8295  489s  (eta 1753s)
== phase run: the n=5 L=8 rung ==
   K = 3865 orbits; grid [0.46]
   [block p=0.46] RESUMED at chunk 1810/8295 (state 15:38:28)
      [block p=0.46] chunk 1817/8295  81s  (eta 289s)
      [block p=0.46] chunk 1825/8295  165s  (eta 586s)
      [block p=0.46] chunk 1833/8295  254s  (eta 894s)
      [block p=0.46] chunk 1841/8295  345s  (eta 1209s)
      [block p=0.46] chunk 1849/8295  446s  (eta 1554s)
== phase run: the n=5 L=8 rung ==
   K = 3865 orbits; grid [0.46]
   [block p=0.46] RESUMED at chunk 1850/8295 (state 15:50:27)
      [block p=0.46] chunk 1857/8295  83s  (eta 287s)
      [block p=0.46] chunk 1865/8295  182s  (eta 627s)
      [block p=0.46] chunk 1873/8295  269s  (eta 921s)
      [block p=0.46] chunk 1881/8295  360s  (eta 1229s)
      [block p=0.46] chunk 1889/8295  457s  (eta 1551s)
== phase run: the n=5 L=8 rung ==
   K = 3865 orbits; grid [0.46]
   [block p=0.46] RESUMED at chunk 1890/8295 (state 15:59:30)
      [block p=0.46] chunk 1897/8295  104s  (eta 352s)
      [block p=0.46] chunk 1905/8295  207s  (eta 695s)
      [block p=0.46] chunk 1913/8295  298s  (eta 995s)
      [block p=0.46] chunk 1921/8295  400s  (eta 1326s)
      [block p=0.46] chunk 1929/8295  486s  (eta 1604s)
== phase run: the n=5 L=8 rung ==
   K = 3865 orbits; grid [0.46]
   [block p=0.46] RESUMED at chunk 1930/8295 (state 16:08:45)
      [block p=0.46] chunk 1937/8295  105s  (eta 345s)
      [block p=0.46] chunk 1945/8295  200s  (eta 653s)
      [block p=0.46] chunk 1953/8295  295s  (eta 959s)
      [block p=0.46] chunk 1961/8295  397s  (eta 1283s)
      [block p=0.46] chunk 1969/8295  499s  (eta 1603s)
== phase run: the n=5 L=8 rung ==
   K = 3865 orbits; grid [0.46]
   [block p=0.46] RESUMED at chunk 1970/8295 (state 16:21:01)
      [block p=0.46] chunk 1977/8295  80s  (eta 255s)
      [block p=0.46] chunk 1985/8295  161s  (eta 510s)
      [block p=0.46] chunk 1993/8295  240s  (eta 759s)
      [block p=0.46] chunk 2001/8295  343s  (eta 1078s)
      [block p=0.46] chunk 2009/8295  444s  (eta 1390s)
== phase run: the n=5 L=8 rung ==
   K = 3865 orbits; grid [0.46]
   [block p=0.46] RESUMED at chunk 2010/8295 (state 16:28:54)
      [block p=0.46] chunk 2017/8295  82s  (eta 255s)
      [block p=0.46] chunk 2025/8295  175s  (eta 540s)
      [block p=0.46] chunk 2033/8295  266s  (eta 821s)
      [block p=0.46] chunk 2041/8295  364s  (eta 1114s)
      [block p=0.46] chunk 2049/8295  454s  (eta 1384s)
== phase run: the n=5 L=8 rung ==
   K = 3865 orbits; grid [0.46]
   [block p=0.46] RESUMED at chunk 2050/8295 (state 16:37:48)
      [block p=0.46] chunk 2057/8295  82s  (eta 250s)
      [block p=0.46] chunk 2065/8295  170s  (eta 512s)
      [block p=0.46] chunk 2073/8295  263s  (eta 790s)
      [block p=0.46] chunk 2081/8295  351s  (eta 1047s)
      [block p=0.46] chunk 2089/8295  449s  (eta 1334s)
== phase run: the n=5 L=8 rung ==
   K = 3865 orbits; grid [0.46]
   [block p=0.46] RESUMED at chunk 2090/8295 (state 16:50:13)
      [block p=0.46] chunk 2097/8295  87s  (eta 258s)
      [block p=0.46] chunk 2105/8295  173s  (eta 508s)
      [block p=0.46] chunk 2113/8295  257s  (eta 752s)
      [block p=0.46] chunk 2121/8295  352s  (eta 1025s)
      [block p=0.46] chunk 2129/8295  452s  (eta 1308s)
== phase run: the n=5 L=8 rung ==
   K = 3865 orbits; grid [0.46]
   [block p=0.46] RESUMED at chunk 2130/8295 (state 16:59:03)
      [block p=0.46] chunk 2137/8295  85s  (eta 245s)
      [block p=0.46] chunk 2145/8295  173s  (eta 497s)
      [block p=0.46] chunk 2153/8295  262s  (eta 746s)
      [block p=0.46] chunk 2161/8295  356s  (eta 1010s)
      [block p=0.46] chunk 2169/8295  455s  (eta 1284s)
== phase run: the n=5 L=8 rung ==
   K = 3865 orbits; grid [0.46]
   [block p=0.46] RESUMED at chunk 2170/8295 (state 17:07:57)
      [block p=0.46] chunk 2177/8295  89s  (eta 251s)
      [block p=0.46] chunk 2185/8295  186s  (eta 521s)
      [block p=0.46] chunk 2193/8295  281s  (eta 782s)
      [block p=0.46] chunk 2201/8295  372s  (eta 1031s)
      [block p=0.46] chunk 2209/8295  476s  (eta 1313s)
== phase run: the n=5 L=8 rung ==
   K = 3865 orbits; grid [0.46]
   [block p=0.46] RESUMED at chunk 2210/8295 (state 17:20:42)
      [block p=0.46] chunk 2217/8295  92s  (eta 252s)
      [block p=0.46] chunk 2225/8295  175s  (eta 476s)
      [block p=0.46] chunk 2233/8295  261s  (eta 708s)
      [block p=0.46] chunk 2241/8295  349s  (eta 944s)
      [block p=0.46] chunk 2249/8295  441s  (eta 1187s)
== phase run: the n=5 L=8 rung ==
   K = 3865 orbits; grid [0.46]
   [block p=0.46] RESUMED at chunk 2250/8295 (state 17:28:55)
      [block p=0.46] chunk 2257/8295  86s  (eta 230s)
      [block p=0.46] chunk 2265/8295  169s  (eta 450s)
      [block p=0.46] chunk 2273/8295  269s  (eta 713s)
      [block p=0.46] chunk 2281/8295  352s  (eta 927s)
      [block p=0.46] chunk 2289/8295  443s  (eta 1162s)
== phase run: the n=5 L=8 rung ==
   K = 3865 orbits; grid [0.46]
   [block p=0.46] RESUMED at chunk 2290/8295 (state 17:37:48)
      [block p=0.46] chunk 2297/8295  83s  (eta 218s)
      [block p=0.46] chunk 2305/8295  172s  (eta 448s)
      [block p=0.46] chunk 2313/8295  264s  (eta 682s)
      [block p=0.46] chunk 2321/8295  360s  (eta 927s)
      [block p=0.46] chunk 2329/8295  460s  (eta 1178s)
== phase run: the n=5 L=8 rung ==
   K = 3865 orbits; grid [0.46]
   [block p=0.46] RESUMED at chunk 2330/8295 (state 17:50:29)
      [block p=0.46] chunk 2337/8295  89s  (eta 226s)
      [block p=0.46] chunk 2345/8295  193s  (eta 491s)
      [block p=0.46] chunk 2353/8295  299s  (eta 756s)
      [block p=0.46] chunk 2361/8295  404s  (eta 1014s)
      [block p=0.46] chunk 2369/8295  514s  (eta 1285s)
== phase run: the n=5 L=8 rung ==
   K = 3865 orbits; grid [0.46]
   [block p=0.46] RESUMED at chunk 2370/8295 (state 18:00:38)
      [block p=0.46] chunk 2377/8295  91s  (eta 227s)
      [block p=0.46] chunk 2385/8295  190s  (eta 470s)
      [block p=0.46] chunk 2393/8295  272s  (eta 671s)
      [block p=0.46] chunk 2401/8295  353s  (eta 865s)
      [block p=0.46] chunk 2409/8295  459s  (eta 1122s)
== phase run: the n=5 L=8 rung ==
   K = 3865 orbits; grid [0.46]
   [block p=0.46] RESUMED at chunk 2410/8295 (state 18:08:32)
      [block p=0.46] chunk 2417/8295  92s  (eta 224s)
      [block p=0.46] chunk 2425/8295  188s  (eta 456s)
      [block p=0.46] chunk 2433/8295  277s  (eta 666s)
      [block p=0.46] chunk 2441/8295  359s  (eta 860s)
      [block p=0.46] chunk 2449/8295  451s  (eta 1076s)
== phase run: the n=5 L=8 rung ==
   K = 3865 orbits; grid [0.46]
   [block p=0.46] RESUMED at chunk 2450/8295 (state 18:20:23)
      [block p=0.46] chunk 2457/8295  90s  (eta 214s)
      [block p=0.46] chunk 2465/8295  183s  (eta 433s)
      [block p=0.46] chunk 2473/8295  267s  (eta 627s)
      [block p=0.46] chunk 2481/8295  361s  (eta 847s)
      [block p=0.46] chunk 2489/8295  457s  (eta 1066s)
== phase run: the n=5 L=8 rung ==
   K = 3865 orbits; grid [0.46]
   [block p=0.46] RESUMED at chunk 2490/8295 (state 18:29:19)
      [block p=0.46] chunk 2497/8295  84s  (eta 194s)
      [block p=0.46] chunk 2505/8295  179s  (eta 414s)
      [block p=0.46] chunk 2513/8295  278s  (eta 640s)
      [block p=0.46] chunk 2521/8295  388s  (eta 888s)
      [block p=0.46] chunk 2529/8295  475s  (eta 1083s)
== phase run: the n=5 L=8 rung ==
   K = 3865 orbits; grid [0.46]
   [block p=0.46] RESUMED at chunk 2530/8295 (state 18:38:27)
      [block p=0.46] chunk 2537/8295  99s  (eta 224s)
      [block p=0.46] chunk 2545/8295  193s  (eta 435s)
      [block p=0.46] chunk 2553/8295  291s  (eta 655s)
      [block p=0.46] chunk 2561/8295  386s  (eta 864s)
      [block p=0.46] chunk 2569/8295  468s  (eta 1043s)
== phase run: the n=5 L=8 rung ==
   K = 3865 orbits; grid [0.46]
   [block p=0.46] RESUMED at chunk 2570/8295 (state 18:50:37)
      [block p=0.46] chunk 2577/8295  105s  (eta 232s)
      [block p=0.46] chunk 2585/8295  197s  (eta 435s)
      [block p=0.46] chunk 2593/8295  286s  (eta 629s)
      [block p=0.46] chunk 2601/8295  386s  (eta 844s)
      [block p=0.46] chunk 2609/8295  482s  (eta 1050s)
== phase run: the n=5 L=8 rung ==
   K = 3865 orbits; grid [0.46]
   [block p=0.46] RESUMED at chunk 2610/8295 (state 18:59:38)
      [block p=0.46] chunk 2617/8295  89s  (eta 192s)
      [block p=0.46] chunk 2625/8295  171s  (eta 369s)
      [block p=0.46] chunk 2633/8295  260s  (eta 558s)
      [block p=0.46] chunk 2641/8295  345s  (eta 739s)
      [block p=0.46] chunk 2649/8295  435s  (eta 926s)
== phase run: the n=5 L=8 rung ==
   K = 3865 orbits; grid [0.46]
   [block p=0.46] RESUMED at chunk 2650/8295 (state 19:07:41)
      [block p=0.46] chunk 2657/8295  104s  (eta 221s)
      [block p=0.46] chunk 2665/8295  203s  (eta 429s)
      [block p=0.46] chunk 2673/8295  292s  (eta 614s)
      [block p=0.46] chunk 2681/8295  391s  (eta 819s)
      [block p=0.46] chunk 2689/8295  480s  (eta 1001s)
== phase run: the n=5 L=8 rung ==
   K = 3865 orbits; grid [0.46]
   [block p=0.46] RESUMED at chunk 2690/8295 (state 19:20:55)
      [block p=0.46] chunk 2697/8295  96s  (eta 199s)
      [block p=0.46] chunk 2705/8295  194s  (eta 402s)
      [block p=0.46] chunk 2713/8295  301s  (eta 620s)
      [block p=0.46] chunk 2721/8295  398s  (eta 815s)
      [block p=0.46] chunk 2729/8295  507s  (eta 1034s)
== phase run: the n=5 L=8 rung ==
   K = 3865 orbits; grid [0.46]
   [block p=0.46] RESUMED at chunk 2730/8295 (state 19:30:09)
      [block p=0.46] chunk 2737/8295  90s  (eta 182s)
      [block p=0.46] chunk 2745/8295  170s  (eta 344s)
      [block p=0.46] chunk 2753/8295  281s  (eta 566s)
      [block p=0.46] chunk 2761/8295  384s  (eta 770s)
      [block p=0.46] chunk 2769/8295  475s  (eta 948s)
== phase run: the n=5 L=8 rung ==
   K = 3865 orbits; grid [0.46]
   [block p=0.46] RESUMED at chunk 2770/8295 (state 19:38:26)
      [block p=0.46] chunk 2777/8295  89s  (eta 176s)
      [block p=0.46] chunk 2785/8295  184s  (eta 363s)
      [block p=0.46] chunk 2793/8295  278s  (eta 547s)
      [block p=0.46] chunk 2801/8295  385s  (eta 755s)
      [block p=0.46] chunk 2809/8295  484s  (eta 946s)
== phase run: the n=5 L=8 rung ==
   K = 3865 orbits; grid [0.46]
   [block p=0.46] RESUMED at chunk 2810/8295 (state 19:50:57)
      [block p=0.46] chunk 2817/8295  100s  (eta 194s)
      [block p=0.46] chunk 2825/8295  192s  (eta 372s)
      [block p=0.46] chunk 2833/8295  282s  (eta 544s)
      [block p=0.46] chunk 2841/8295  391s  (eta 751s)
      [block p=0.46] chunk 2849/8295  481s  (eta 919s)
== phase run: the n=5 L=8 rung ==
   K = 3865 orbits; grid [0.46]
   [block p=0.46] RESUMED at chunk 2850/8295 (state 19:59:41)
      [block p=0.46] chunk 2857/8295  89s  (eta 169s)
      [block p=0.46] chunk 2865/8295  181s  (eta 343s)
      [block p=0.46] chunk 2873/8295  271s  (eta 511s)
      [block p=0.46] chunk 2881/8295  361s  (eta 679s)
      [block p=0.46] chunk 2889/8295  444s  (eta 831s)
== phase run: the n=5 L=8 rung ==
   K = 3865 orbits; grid [0.46]
   [block p=0.46] RESUMED at chunk 2890/8295 (state 20:07:53)
      [block p=0.46] chunk 2897/8295  87s  (eta 162s)
      [block p=0.46] chunk 2905/8295  189s  (eta 351s)
      [block p=0.46] chunk 2913/8295  295s  (eta 545s)
      [block p=0.46] chunk 2921/8295  387s  (eta 712s)
      [block p=0.46] chunk 2929/8295  480s  (eta 879s)
== phase run: the n=5 L=8 rung ==
   K = 3865 orbits; grid [0.46]
   [block p=0.46] RESUMED at chunk 2930/8295 (state 20:20:45)
      [block p=0.46] chunk 2937/8295  94s  (eta 171s)
      [block p=0.46] chunk 2945/8295  195s  (eta 354s)
      [block p=0.46] chunk 2953/8295  297s  (eta 538s)
      [block p=0.46] chunk 2961/8295  398s  (eta 716s)
      [block p=0.46] chunk 2969/8295  496s  (eta 890s)
== phase run: the n=5 L=8 rung ==
   K = 3865 orbits; grid [0.46]
   [block p=0.46] RESUMED at chunk 2970/8295 (state 20:29:50)
      [block p=0.46] chunk 2977/8295  99s  (eta 177s)
      [block p=0.46] chunk 2985/8295  206s  (eta 366s)
      [block p=0.46] chunk 2993/8295  289s  (eta 512s)
      [block p=0.46] chunk 3001/8295  384s  (eta 677s)
      [block p=0.46] chunk 3009/8295  470s  (eta 825s)
== phase run: the n=5 L=8 rung ==
   K = 3865 orbits; grid [0.46]
   [block p=0.46] RESUMED at chunk 3010/8295 (state 20:38:07)
      [block p=0.46] chunk 3017/8295  81s  (eta 142s)
      [block p=0.46] chunk 3025/8295  173s  (eta 302s)
      [block p=0.46] chunk 3033/8295  261s  (eta 452s)
      [block p=0.46] chunk 3041/8295  358s  (eta 619s)
      [block p=0.46] chunk 3049/8295  454s  (eta 781s)
== phase run: the n=5 L=8 rung ==
   K = 3865 orbits; grid [0.46]
   [block p=0.46] RESUMED at chunk 3050/8295 (state 20:50:27)
      [block p=0.46] chunk 3057/8295  89s  (eta 152s)
      [block p=0.46] chunk 3065/8295  177s  (eta 302s)
      [block p=0.46] chunk 3073/8295  269s  (eta 458s)
      [block p=0.46] chunk 3081/8295  383s  (eta 648s)
      [block p=0.46] chunk 3089/8295  480s  (eta 809s)
== phase run: the n=5 L=8 rung ==
   K = 3865 orbits; grid [0.46]
   [block p=0.46] RESUMED at chunk 3090/8295 (state 20:59:38)
      [block p=0.46] chunk 3097/8295  105s  (eta 176s)
      [block p=0.46] chunk 3105/8295  202s  (eta 337s)
      [block p=0.46] chunk 3113/8295  302s  (eta 503s)
      [block p=0.46] chunk 3121/8295  407s  (eta 674s)
      [block p=0.46] chunk 3129/8295  505s  (eta 834s)
== phase run: the n=5 L=8 rung ==
   K = 3865 orbits; grid [0.46]
   [block p=0.46] RESUMED at chunk 3130/8295 (state 21:08:47)
      [block p=0.46] chunk 3137/8295  77s  (eta 127s)
      [block p=0.46] chunk 3145/8295  155s  (eta 254s)
      [block p=0.46] chunk 3153/8295  252s  (eta 411s)
      [block p=0.46] chunk 3161/8295  340s  (eta 553s)
      [block p=0.46] chunk 3169/8295  423s  (eta 685s)
      [block p=0.46] chunk 3177/8295  507s  (eta 817s)
== phase run: the n=5 L=8 rung ==
   K = 3865 orbits; grid [0.46]
   [block p=0.46] RESUMED at chunk 3178/8295 (state 21:21:13)
      [block p=0.46] chunk 3185/8295  97s  (eta 155s)
      [block p=0.46] chunk 3193/8295  179s  (eta 286s)
      [block p=0.46] chunk 3201/8295  274s  (eta 437s)
      [block p=0.46] chunk 3209/8295  357s  (eta 566s)
      [block p=0.46] chunk 3217/8295  444s  (eta 701s)
== phase run: the n=5 L=8 rung ==
   K = 3865 orbits; grid [0.46]
   [block p=0.46] RESUMED at chunk 3218/8295 (state 21:28:57)
      [block p=0.46] chunk 3225/8295  79s  (eta 124s)
      [block p=0.46] chunk 3233/8295  179s  (eta 280s)
      [block p=0.46] chunk 3241/8295  272s  (eta 425s)
      [block p=0.46] chunk 3249/8295  374s  (eta 580s)
      [block p=0.46] chunk 3257/8295  479s  (eta 742s)
== phase run: the n=5 L=8 rung ==
   K = 3865 orbits; grid [0.46]
   [block p=0.46] RESUMED at chunk 3258/8295 (state 21:38:20)
      [block p=0.46] chunk 3265/8295  94s  (eta 144s)
      [block p=0.46] chunk 3273/8295  200s  (eta 308s)
      [block p=0.46] chunk 3281/8295  305s  (eta 466s)
      [block p=0.46] chunk 3289/8295  416s  (eta 632s)
== phase run: the n=5 L=8 rung ==
   K = 3865 orbits; grid [0.46]
   [block p=0.46] RESUMED at chunk 3290/8295 (state 21:50:03)
      [block p=0.46] chunk 3297/8295  102s  (eta 154s)
      [block p=0.46] chunk 3305/8295  183s  (eta 277s)
      [block p=0.46] chunk 3313/8295  276s  (eta 415s)
      [block p=0.46] chunk 3321/8295  359s  (eta 537s)
      [block p=0.46] chunk 3329/8295  450s  (eta 671s)
== phase run: the n=5 L=8 rung ==
   K = 3865 orbits; grid [0.46]
   [block p=0.46] RESUMED at chunk 3330/8295 (state 21:59:24)
      [block p=0.46] chunk 3337/8295  78s  (eta 115s)
      [block p=0.46] chunk 3345/8295  165s  (eta 245s)
      [block p=0.46] chunk 3353/8295  248s  (eta 365s)
      [block p=0.46] chunk 3361/8295  332s  (eta 487s)
      [block p=0.46] chunk 3369/8295  422s  (eta 617s)
== phase run: the n=5 L=8 rung ==
   K = 3865 orbits; grid [0.46]
   [block p=0.46] RESUMED at chunk 3370/8295 (state 22:07:40)
      [block p=0.46] chunk 3377/8295  107s  (eta 156s)
      [block p=0.46] chunk 3385/8295  195s  (eta 283s)
      [block p=0.46] chunk 3393/8295  287s  (eta 415s)
      [block p=0.46] chunk 3401/8295  384s  (eta 553s)
      [block p=0.46] chunk 3409/8295  472s  (eta 676s)
== phase run: the n=5 L=8 rung ==
   K = 3865 orbits; grid [0.46]
   [block p=0.46] RESUMED at chunk 3410/8295 (state 22:20:35)
      [block p=0.46] chunk 3417/8295  78s  (eta 111s)
      [block p=0.46] chunk 3425/8295  166s  (eta 236s)
      [block p=0.46] chunk 3433/8295  249s  (eta 352s)
      [block p=0.46] chunk 3441/8295  343s  (eta 484s)
      [block p=0.46] chunk 3449/8295  435s  (eta 611s)
== phase run: the n=5 L=8 rung ==
   K = 3865 orbits; grid [0.46]
   [block p=0.46] RESUMED at chunk 3450/8295 (state 22:28:40)
      [block p=0.46] chunk 3457/8295  101s  (eta 141s)
      [block p=0.46] chunk 3465/8295  201s  (eta 281s)
      [block p=0.46] chunk 3473/8295  295s  (eta 410s)
      [block p=0.46] chunk 3481/8295  387s  (eta 535s)
      [block p=0.46] chunk 3489/8295  473s  (eta 651s)
== phase run: the n=5 L=8 rung ==
   K = 3865 orbits; grid [0.46]
   [block p=0.46] RESUMED at chunk 3490/8295 (state 22:38:07)
      [block p=0.46] chunk 3497/8295  81s  (eta 111s)
      [block p=0.46] chunk 3505/8295  187s  (eta 256s)
      [block p=0.46] chunk 3513/8295  279s  (eta 380s)
      [block p=0.46] chunk 3521/8295  371s  (eta 503s)
      [block p=0.46] chunk 3529/8295  452s  (eta 611s)
== phase run: the n=5 L=8 rung ==
   K = 3865 orbits; grid [0.46]
   [block p=0.46] RESUMED at chunk 3530/8295 (state 22:48:55)
      [block p=0.46] chunk 3537/8295  90s  (eta 121s)
      [block p=0.46] chunk 3545/8295  188s  (eta 252s)
      [block p=0.46] chunk 3553/8295  264s  (eta 352s)
      [block p=0.46] chunk 3561/8295  343s  (eta 456s)
      [block p=0.46] chunk 3569/8295  429s  (eta 568s)
      [block p=0.46] chunk 3577/8295  515s  (eta 679s)
== phase run: the n=5 L=8 rung ==
   K = 3865 orbits; grid [0.46]
   [block p=0.46] RESUMED at chunk 3578/8295 (state 22:58:41)
      [block p=0.46] chunk 3585/8295  92s  (eta 121s)
      [block p=0.46] chunk 3593/8295  193s  (eta 253s)
      [block p=0.46] chunk 3601/8295  291s  (eta 379s)
      [block p=0.46] chunk 3609/8295  375s  (eta 487s)
      [block p=0.46] chunk 3617/8295  465s  (eta 601s)
== phase run: the n=5 L=8 rung ==
   K = 3865 orbits; grid [0.46]
   [block p=0.46] RESUMED at chunk 3618/8295 (state 23:20:37)
      [block p=0.46] chunk 3625/8295  84s  (eta 108s)
      [block p=0.46] chunk 3633/8295  168s  (eta 215s)
      [block p=0.46] chunk 3641/8295  272s  (eta 348s)
      [block p=0.46] chunk 3649/8295  372s  (eta 474s)
      [block p=0.46] chunk 3657/8295  466s  (eta 591s)
== phase run: the n=5 L=8 rung ==
   K = 3865 orbits; grid [0.46]
   [block p=0.46] RESUMED at chunk 3658/8295 (state 23:29:21)
      [block p=0.46] chunk 3665/8295  86s  (eta 109s)
      [block p=0.46] chunk 3673/8295  187s  (eta 235s)
      [block p=0.46] chunk 3681/8295  273s  (eta 342s)
      [block p=0.46] chunk 3689/8295  369s  (eta 461s)
      [block p=0.46] chunk 3697/8295  471s  (eta 586s)
== phase run: the n=5 L=8 rung ==
   K = 3865 orbits; grid [0.46]
   [block p=0.46] RESUMED at chunk 3698/8295 (state 23:38:10)
      [block p=0.46] chunk 3705/8295  85s  (eta 106s)
      [block p=0.46] chunk 3713/8295  173s  (eta 214s)
      [block p=0.46] chunk 3721/8295  286s  (eta 351s)
      [block p=0.46] chunk 3729/8295  375s  (eta 459s)
      [block p=0.46] chunk 3737/8295  466s  (eta 568s)
== phase run: the n=5 L=8 rung ==
   K = 3865 orbits; grid [0.46]
   [block p=0.46] RESUMED at chunk 3738/8295 (state 23:50:31)
      [block p=0.46] chunk 3745/8295  78s  (eta 95s)
      [block p=0.46] chunk 3753/8295  166s  (eta 200s)
      [block p=0.46] chunk 3761/8295  249s  (eta 301s)
      [block p=0.46] chunk 3769/8295  331s  (eta 397s)
      [block p=0.46] chunk 3777/8295  432s  (eta 516s)
== phase run: the n=5 L=8 rung ==
   K = 3865 orbits; grid [0.46]
   [block p=0.46] RESUMED at chunk 3778/8295 (state 23:58:41)
      [block p=0.46] chunk 3785/8295  94s  (eta 112s)
      [block p=0.46] chunk 3793/8295  180s  (eta 214s)
      [block p=0.46] chunk 3801/8295  279s  (eta 330s)
      [block p=0.46] chunk 3809/8295  376s  (eta 443s)
      [block p=0.46] chunk 3817/8295  483s  (eta 567s)
== phase run: the n=5 L=8 rung ==
   K = 3865 orbits; grid [0.46]
   [block p=0.46] RESUMED at chunk 3818/8295 (state 00:08:14)
      [block p=0.46] chunk 3825/8295  79s  (eta 92s)
      [block p=0.46] chunk 3833/8295  167s  (eta 194s)
      [block p=0.46] chunk 3841/8295  254s  (eta 295s)
      [block p=0.46] chunk 3849/8295  359s  (eta 414s)
      [block p=0.46] chunk 3857/8295  442s  (eta 509s)
== phase run: the n=5 L=8 rung ==
   K = 3865 orbits; grid [0.46]
   [block p=0.46] RESUMED at chunk 3858/8295 (state 00:20:07)
      [block p=0.46] chunk 3865/8295  83s  (eta 95s)
      [block p=0.46] chunk 3873/8295  170s  (eta 195s)
      [block p=0.46] chunk 3881/8295  267s  (eta 304s)
      [block p=0.46] chunk 3889/8295  364s  (eta 412s)
      [block p=0.46] chunk 3897/8295  450s  (eta 508s)
== phase run: the n=5 L=8 rung ==
   K = 3865 orbits; grid [0.46]
   [block p=0.46] RESUMED at chunk 3898/8295 (state 00:28:57)
      [block p=0.46] chunk 3905/8295  90s  (eta 102s)
      [block p=0.46] chunk 3913/8295  171s  (eta 192s)
      [block p=0.46] chunk 3921/8295  257s  (eta 287s)
      [block p=0.46] chunk 3929/8295  364s  (eta 404s)
      [block p=0.46] chunk 3937/8295  458s  (eta 507s)
== phase run: the n=5 L=8 rung ==
   K = 3865 orbits; grid [0.46]
   [block p=0.46] RESUMED at chunk 3938/8295 (state 00:38:02)
      [block p=0.46] chunk 3945/8295  99s  (eta 110s)
      [block p=0.46] chunk 3953/8295  202s  (eta 221s)
      [block p=0.46] chunk 3961/8295  292s  (eta 319s)
      [block p=0.46] chunk 3969/8295  389s  (eta 424s)
      [block p=0.46] chunk 3977/8295  478s  (eta 519s)
== phase run: the n=5 L=8 rung ==
   K = 3865 orbits; grid [0.46]
   [block p=0.46] RESUMED at chunk 3978/8295 (state 00:50:46)
      [block p=0.46] chunk 3985/8295  97s  (eta 105s)
      [block p=0.46] chunk 3993/8295  192s  (eta 206s)
      [block p=0.46] chunk 4001/8295  282s  (eta 302s)
      [block p=0.46] chunk 4009/8295  366s  (eta 391s)
      [block p=0.46] chunk 4017/8295  453s  (eta 483s)
== phase run: the n=5 L=8 rung ==
   K = 3865 orbits; grid [0.46]
   [block p=0.46] RESUMED at chunk 4018/8295 (state 00:59:04)
      [block p=0.46] chunk 4025/8295  97s  (eta 103s)
      [block p=0.46] chunk 4033/8295  203s  (eta 214s)
      [block p=0.46] chunk 4041/8295  293s  (eta 309s)
      [block p=0.46] chunk 4049/8295  393s  (eta 412s)
      [block p=0.46] chunk 4057/8295  502s  (eta 525s)
== phase run: the n=5 L=8 rung ==
   K = 3865 orbits; grid [0.46]
   [block p=0.46] RESUMED at chunk 4058/8295 (state 01:08:40)
      [block p=0.46] chunk 4065/8295  90s  (eta 93s)
      [block p=0.46] chunk 4073/8295  173s  (eta 180s)
      [block p=0.46] chunk 4081/8295  261s  (eta 270s)
      [block p=0.46] chunk 4089/8295  369s  (eta 380s)
      [block p=0.46] chunk 4097/8295  469s  (eta 481s)
== phase run: the n=5 L=8 rung ==
   K = 3865 orbits; grid [0.46]
   [block p=0.46] RESUMED at chunk 4098/8295 (state 01:20:43)
      [block p=0.46] chunk 4105/8295  85s  (eta 86s)
      [block p=0.46] chunk 4113/8295  187s  (eta 190s)
      [block p=0.46] chunk 4121/8295  288s  (eta 292s)
      [block p=0.46] chunk 4129/8295  381s  (eta 385s)
      [block p=0.46] chunk 4137/8295  468s  (eta 470s)
== phase run: the n=5 L=8 rung ==
   K = 3865 orbits; grid [0.46]
   [block p=0.46] RESUMED at chunk 4138/8295 (state 01:29:27)
      [block p=0.46] chunk 4145/8295  82s  (eta 82s)
      [block p=0.46] chunk 4153/8295  189s  (eta 189s)
      [block p=0.46] chunk 4161/8295  293s  (eta 291s)
      [block p=0.46] chunk 4169/8295  401s  (eta 397s)
      [block p=0.46] chunk 4177/8295  493s  (eta 486s)
== phase run: the n=5 L=8 rung ==
   K = 3865 orbits; grid [0.46]
   [block p=0.46] RESUMED at chunk 4178/8295 (state 01:38:41)
      [block p=0.46] chunk 4185/8295  88s  (eta 86s)
      [block p=0.46] chunk 4193/8295  179s  (eta 176s)
      [block p=0.46] chunk 4201/8295  286s  (eta 278s)
      [block p=0.46] chunk 4209/8295  390s  (eta 379s)
      [block p=0.46] chunk 4217/8295  490s  (eta 474s)
== phase run: the n=5 L=8 rung ==
   K = 3865 orbits; grid [0.46]
   [block p=0.46] RESUMED at chunk 4218/8295 (state 01:51:00)
      [block p=0.46] chunk 4225/8295  102s  (eta 98s)
      [block p=0.46] chunk 4233/8295  209s  (eta 200s)
      [block p=0.46] chunk 4241/8295  297s  (eta 284s)
      [block p=0.46] chunk 4249/8295  386s  (eta 368s)
      [block p=0.46] chunk 4257/8295  487s  (eta 462s)
== phase run: the n=5 L=8 rung ==
   K = 3865 orbits; grid [0.46]
   [block p=0.46] RESUMED at chunk 4258/8295 (state 01:59:46)
      [block p=0.46] chunk 4265/8295  92s  (eta 86s)
      [block p=0.46] chunk 4273/8295  183s  (eta 172s)
      [block p=0.46] chunk 4281/8295  278s  (eta 260s)
      [block p=0.46] chunk 4289/8295  382s  (eta 357s)
      [block p=0.46] chunk 4297/8295  475s  (eta 442s)
== phase run: the n=5 L=8 rung ==
   K = 3865 orbits; grid [0.46]
   [block p=0.46] RESUMED at chunk 4298/8295 (state 02:08:44)
      [block p=0.46] chunk 4305/8295  95s  (eta 88s)
      [block p=0.46] chunk 4313/8295  189s  (eta 175s)
      [block p=0.46] chunk 4321/8295  286s  (eta 263s)
      [block p=0.46] chunk 4329/8295  389s  (eta 356s)
      [block p=0.46] chunk 4337/8295  477s  (eta 435s)
== phase run: the n=5 L=8 rung ==
   K = 3865 orbits; grid [0.46]
   [block p=0.46] RESUMED at chunk 4338/8295 (state 02:20:50)
      [block p=0.46] chunk 4345/8295  94s  (eta 85s)
      [block p=0.46] chunk 4353/8295  186s  (eta 168s)
      [block p=0.46] chunk 4361/8295  270s  (eta 243s)
      [block p=0.46] chunk 4369/8295  364s  (eta 328s)
      [block p=0.46] chunk 4377/8295  466s  (eta 417s)
== phase run: the n=5 L=8 rung ==
   K = 3865 orbits; grid [0.46]
   [block p=0.46] RESUMED at chunk 4378/8295 (state 02:29:23)
      [block p=0.46] chunk 4385/8295  88s  (eta 78s)
      [block p=0.46] chunk 4393/8295  168s  (eta 149s)
      [block p=0.46] chunk 4401/8295  252s  (eta 223s)
      [block p=0.46] chunk 4409/8295  359s  (eta 316s)
      [block p=0.46] chunk 4417/8295  445s  (eta 391s)
== phase run: the n=5 L=8 rung ==
   K = 3865 orbits; grid [0.46]
   [block p=0.46] RESUMED at chunk 4418/8295 (state 02:38:00)
      [block p=0.46] chunk 4425/8295  82s  (eta 72s)
      [block p=0.46] chunk 4433/8295  186s  (eta 162s)
      [block p=0.46] chunk 4441/8295  280s  (eta 243s)
      [block p=0.46] chunk 4449/8295  379s  (eta 327s)
      [block p=0.46] chunk 4457/8295  467s  (eta 402s)
== phase run: the n=5 L=8 rung ==
   K = 3865 orbits; grid [0.46]
   [block p=0.46] RESUMED at chunk 4458/8295 (state 02:50:47)
      [block p=0.46] chunk 4465/8295  84s  (eta 72s)
      [block p=0.46] chunk 4473/8295  177s  (eta 151s)
      [block p=0.46] chunk 4481/8295  262s  (eta 223s)
      [block p=0.46] chunk 4489/8295  345s  (eta 293s)
      [block p=0.46] chunk 4497/8295  446s  (eta 377s)
== phase run: the n=5 L=8 rung ==
   K = 3865 orbits; grid [0.46]
   [block p=0.46] RESUMED at chunk 4498/8295 (state 02:59:10)
      [block p=0.46] chunk 4505/8295  85s  (eta 72s)
      [block p=0.46] chunk 4513/8295  182s  (eta 153s)
      [block p=0.46] chunk 4521/8295  274s  (eta 229s)
      [block p=0.46] chunk 4529/8295  378s  (eta 314s)
      [block p=0.46] chunk 4537/8295  460s  (eta 381s)
== phase run: the n=5 L=8 rung ==
   K = 3865 orbits; grid [0.46]
   [block p=0.46] RESUMED at chunk 4538/8295 (state 03:08:12)
      [block p=0.46] chunk 4545/8295  89s  (eta 73s)
      [block p=0.46] chunk 4553/8295  199s  (eta 163s)
      [block p=0.46] chunk 4561/8295  303s  (eta 248s)
      [block p=0.46] chunk 4569/8295  414s  (eta 338s)
      [block p=0.46] chunk 4577/8295  518s  (eta 421s)
== phase run: the n=5 L=8 rung ==
   K = 3865 orbits; grid [0.46]
   [block p=0.46] RESUMED at chunk 4570/8295 (state 03:19:50)
      [block p=0.46] chunk 4577/8295  92s  (eta 75s)
      [block p=0.46] chunk 4585/8295  191s  (eta 155s)
      [block p=0.46] chunk 4593/8295  289s  (eta 233s)
      [block p=0.46] chunk 4601/8295  392s  (eta 314s)
      [block p=0.46] chunk 4609/8295  493s  (eta 394s)
== phase run: the n=5 L=8 rung ==
   K = 3865 orbits; grid [0.46]
   [block p=0.46] RESUMED at chunk 4610/8295 (state 03:29:57)
      [block p=0.46] chunk 4617/8295  91s  (eta 72s)
      [block p=0.46] chunk 4625/8295  191s  (eta 151s)
      [block p=0.46] chunk 4633/8295  290s  (eta 229s)
      [block p=0.46] chunk 4641/8295  376s  (eta 296s)
      [block p=0.46] chunk 4649/8295  462s  (eta 362s)
== phase run: the n=5 L=8 rung ==
   K = 3865 orbits; grid [0.46]
   [block p=0.46] RESUMED at chunk 4650/8295 (state 03:38:10)
      [block p=0.46] chunk 4657/8295  97s  (eta 76s)
      [block p=0.46] chunk 4665/8295  185s  (eta 144s)
      [block p=0.46] chunk 4673/8295  289s  (eta 224s)
      [block p=0.46] chunk 4681/8295  384s  (eta 296s)
      [block p=0.46] chunk 4689/8295  476s  (eta 366s)
== phase run: the n=5 L=8 rung ==
   K = 3865 orbits; grid [0.46]
   [block p=0.46] RESUMED at chunk 4690/8295 (state 03:50:50)
      [block p=0.46] chunk 4697/8295  86s  (eta 66s)
      [block p=0.46] chunk 4705/8295  190s  (eta 145s)
      [block p=0.46] chunk 4713/8295  291s  (eta 221s)
      [block p=0.46] chunk 4721/8295  374s  (eta 284s)
      [block p=0.46] chunk 4729/8295  472s  (eta 356s)
== phase run: the n=5 L=8 rung ==
   K = 3865 orbits; grid [0.46]
   [block p=0.46] RESUMED at chunk 4730/8295 (state 03:59:37)
      [block p=0.46] chunk 4737/8295  99s  (eta 75s)
      [block p=0.46] chunk 4745/8295  188s  (eta 141s)
      [block p=0.46] chunk 4753/8295  282s  (eta 210s)
      [block p=0.46] chunk 4761/8295  371s  (eta 275s)
      [block p=0.46] chunk 4769/8295  448s  (eta 332s)
== phase run: the n=5 L=8 rung ==
   K = 3865 orbits; grid [0.46]
   [block p=0.46] RESUMED at chunk 4770/8295 (state 04:20:53)
      [block p=0.46] chunk 4777/8295  98s  (eta 72s)
      [block p=0.46] chunk 4785/8295  180s  (eta 132s)
      [block p=0.46] chunk 4793/8295  260s  (eta 190s)
      [block p=0.46] chunk 4801/8295  353s  (eta 257s)
      [block p=0.46] chunk 4809/8295  451s  (eta 327s)
== phase run: the n=5 L=8 rung ==
   K = 3865 orbits; grid [0.46]
   [block p=0.46] RESUMED at chunk 4810/8295 (state 04:29:39)
      [block p=0.46] chunk 4817/8295  82s  (eta 59s)
      [block p=0.46] chunk 4825/8295  170s  (eta 122s)
      [block p=0.46] chunk 4833/8295  264s  (eta 189s)
      [block p=0.46] chunk 4841/8295  358s  (eta 255s)
      [block p=0.46] chunk 4849/8295  449s  (eta 319s)
== phase run: the n=5 L=8 rung ==
   K = 3865 orbits; grid [0.46]
   [block p=0.46] RESUMED at chunk 4850/8295 (state 04:38:22)
      [block p=0.46] chunk 4857/8295  82s  (eta 58s)
      [block p=0.46] chunk 4865/8295  166s  (eta 117s)
      [block p=0.46] chunk 4873/8295  251s  (eta 177s)
      [block p=0.46] chunk 4881/8295  338s  (eta 237s)
      [block p=0.46] chunk 4889/8295  428s  (eta 298s)
== phase run: the n=5 L=8 rung ==
   K = 3865 orbits; grid [0.46]
   [block p=0.46] RESUMED at chunk 4890/8295 (state 04:50:04)
      [block p=0.46] chunk 4897/8295  90s  (eta 62s)
      [block p=0.46] chunk 4905/8295  175s  (eta 121s)
      [block p=0.46] chunk 4913/8295  272s  (eta 188s)
      [block p=0.46] chunk 4921/8295  376s  (eta 258s)
      [block p=0.46] chunk 4929/8295  481s  (eta 328s)
== phase run: the n=5 L=8 rung ==
   K = 3865 orbits; grid [0.46]
   [block p=0.46] RESUMED at chunk 4930/8295 (state 04:59:47)
      [block p=0.46] chunk 4937/8295  92s  (eta 62s)
      [block p=0.46] chunk 4945/8295  178s  (eta 120s)
      [block p=0.46] chunk 4953/8295  264s  (eta 178s)
      [block p=0.46] chunk 4961/8295  346s  (eta 233s)
      [block p=0.46] chunk 4969/8295  454s  (eta 304s)
== phase run: the n=5 L=8 rung ==
   K = 3865 orbits; grid [0.46]
   [block p=0.46] RESUMED at chunk 4970/8295 (state 05:08:11)
      [block p=0.46] chunk 4977/8295  86s  (eta 57s)
      [block p=0.46] chunk 4985/8295  188s  (eta 125s)
      [block p=0.46] chunk 4993/8295  269s  (eta 178s)
      [block p=0.46] chunk 5001/8295  356s  (eta 235s)
      [block p=0.46] chunk 5009/8295  438s  (eta 287s)
== phase run: the n=5 L=8 rung ==
   K = 3865 orbits; grid [0.46]
   [block p=0.46] RESUMED at chunk 5010/8295 (state 05:21:17)
      [block p=0.46] chunk 5017/8295  99s  (eta 65s)
      [block p=0.46] chunk 5025/8295  183s  (eta 119s)
      [block p=0.46] chunk 5033/8295  277s  (eta 180s)
      [block p=0.46] chunk 5041/8295  373s  (eta 241s)
      [block p=0.46] chunk 5049/8295  458s  (eta 295s)
== phase run: the n=5 L=8 rung ==
   K = 3865 orbits; grid [0.46]
   [block p=0.46] RESUMED at chunk 5050/8295 (state 05:30:27)
      [block p=0.46] chunk 5057/8295  79s  (eta 51s)
      [block p=0.46] chunk 5065/8295  166s  (eta 106s)
      [block p=0.46] chunk 5073/8295  273s  (eta 173s)
      [block p=0.46] chunk 5081/8295  357s  (eta 226s)
      [block p=0.46] chunk 5089/8295  455s  (eta 287s)
== phase run: the n=5 L=8 rung ==
   K = 3865 orbits; grid [0.46]
   [block p=0.46] RESUMED at chunk 5090/8295 (state 05:39:21)
      [block p=0.46] chunk 5097/8295  84s  (eta 53s)
      [block p=0.46] chunk 5105/8295  177s  (eta 110s)
      [block p=0.46] chunk 5113/8295  266s  (eta 165s)
      [block p=0.46] chunk 5121/8295  365s  (eta 226s)
      [block p=0.46] chunk 5129/8295  461s  (eta 285s)
== phase run: the n=5 L=8 rung ==
   K = 3865 orbits; grid [0.46]
   [block p=0.46] RESUMED at chunk 5130/8295 (state 05:50:34)
      [block p=0.46] chunk 5137/8295  93s  (eta 57s)
      [block p=0.46] chunk 5145/8295  189s  (eta 116s)
      [block p=0.46] chunk 5153/8295  275s  (eta 168s)
      [block p=0.46] chunk 5161/8295  363s  (eta 221s)
      [block p=0.46] chunk 5169/8295  456s  (eta 276s)
== phase run: the n=5 L=8 rung ==
   K = 3865 orbits; grid [0.46]
   [block p=0.46] RESUMED at chunk 5170/8295 (state 05:59:14)
      [block p=0.46] chunk 5177/8295  90s  (eta 54s)
      [block p=0.46] chunk 5185/8295  178s  (eta 107s)
      [block p=0.46] chunk 5193/8295  265s  (eta 158s)
      [block p=0.46] chunk 5201/8295  366s  (eta 218s)
      [block p=0.46] chunk 5209/8295  462s  (eta 274s)
== phase run: the n=5 L=8 rung ==
   K = 3865 orbits; grid [0.46]
   [block p=0.46] RESUMED at chunk 5210/8295 (state 06:08:04)
      [block p=0.46] chunk 5217/8295  83s  (eta 49s)
      [block p=0.46] chunk 5225/8295  177s  (eta 104s)
      [block p=0.46] chunk 5233/8295  275s  (eta 161s)
      [block p=0.46] chunk 5241/8295  376s  (eta 219s)
      [block p=0.46] chunk 5249/8295  456s  (eta 265s)
== phase run: the n=5 L=8 rung ==
   K = 3865 orbits; grid [0.46]
   [block p=0.46] RESUMED at chunk 5250/8295 (state 06:20:25)
      [block p=0.46] chunk 5257/8295  84s  (eta 48s)
      [block p=0.46] chunk 5265/8295  173s  (eta 99s)
      [block p=0.46] chunk 5273/8295  256s  (eta 147s)
      [block p=0.46] chunk 5281/8295  346s  (eta 197s)
      [block p=0.46] chunk 5289/8295  434s  (eta 247s)
== phase run: the n=5 L=8 rung ==
   K = 3865 orbits; grid [0.46]
   [block p=0.46] RESUMED at chunk 5290/8295 (state 06:28:48)
      [block p=0.46] chunk 5297/8295  93s  (eta 53s)
      [block p=0.46] chunk 5305/8295  192s  (eta 108s)
      [block p=0.46] chunk 5313/8295  293s  (eta 165s)
      [block p=0.46] chunk 5321/8295  386s  (eta 216s)
      [block p=0.46] chunk 5329/8295  490s  (eta 273s)
== phase run: the n=5 L=8 rung ==
   K = 3865 orbits; grid [0.46]
   [block p=0.46] RESUMED at chunk 5330/8295 (state 06:38:31)
      [block p=0.46] chunk 5337/8295  86s  (eta 48s)
      [block p=0.46] chunk 5345/8295  195s  (eta 107s)
      [block p=0.46] chunk 5353/8295  288s  (eta 158s)
      [block p=0.46] chunk 5361/8295  370s  (eta 203s)
      [block p=0.46] chunk 5369/8295  459s  (eta 250s)
== phase run: the n=5 L=8 rung ==
   K = 3865 orbits; grid [0.46]
   [block p=0.46] RESUMED at chunk 5370/8295 (state 06:50:30)
      [block p=0.46] chunk 5377/8295  83s  (eta 45s)
      [block p=0.46] chunk 5385/8295  177s  (eta 95s)
      [block p=0.46] chunk 5393/8295  268s  (eta 144s)
      [block p=0.46] chunk 5401/8295  374s  (eta 201s)
      [block p=0.46] chunk 5409/8295  467s  (eta 249s)
== phase run: the n=5 L=8 rung ==
   K = 3865 orbits; grid [0.46]
   [block p=0.46] RESUMED at chunk 5410/8295 (state 06:59:25)
      [block p=0.46] chunk 5417/8295  87s  (eta 46s)
      [block p=0.46] chunk 5425/8295  181s  (eta 96s)
      [block p=0.46] chunk 5433/8295  268s  (eta 141s)
      [block p=0.46] chunk 5441/8295  356s  (eta 187s)
      [block p=0.46] chunk 5449/8295  439s  (eta 229s)
== phase run: the n=5 L=8 rung ==
   K = 3865 orbits; grid [0.46]
   [block p=0.46] RESUMED at chunk 5450/8295 (state 07:07:46)
      [block p=0.46] chunk 5457/8295  87s  (eta 45s)
      [block p=0.46] chunk 5465/8295  174s  (eta 90s)
      [block p=0.46] chunk 5473/8295  278s  (eta 143s)
      [block p=0.46] chunk 5481/8295  376s  (eta 193s)
      [block p=0.46] chunk 5489/8295  481s  (eta 246s)
== phase run: the n=5 L=8 rung ==
   K = 3865 orbits; grid [0.46]
   [block p=0.46] RESUMED at chunk 5490/8295 (state 07:20:52)
      [block p=0.46] chunk 5497/8295  79s  (eta 40s)
      [block p=0.46] chunk 5505/8295  173s  (eta 88s)
      [block p=0.46] chunk 5513/8295  270s  (eta 136s)
      [block p=0.46] chunk 5521/8295  364s  (eta 183s)
      [block p=0.46] chunk 5529/8295  465s  (eta 232s)
== phase run: the n=5 L=8 rung ==
   K = 3865 orbits; grid [0.46]
   [block p=0.46] RESUMED at chunk 5530/8295 (state 07:29:19)
      [block p=0.46] chunk 5537/8295  89s  (eta 44s)
      [block p=0.46] chunk 5545/8295  178s  (eta 89s)
      [block p=0.46] chunk 5553/8295  267s  (eta 132s)
      [block p=0.46] chunk 5561/8295  375s  (eta 184s)
      [block p=0.46] chunk 5569/8295  478s  (eta 234s)
== phase run: the n=5 L=8 rung ==
   K = 3865 orbits; grid [0.46]
   [block p=0.46] RESUMED at chunk 5570/8295 (state 07:38:17)
      [block p=0.46] chunk 5577/8295  92s  (eta 45s)
      [block p=0.46] chunk 5585/8295  176s  (eta 85s)
      [block p=0.46] chunk 5593/8295  255s  (eta 123s)
      [block p=0.46] chunk 5601/8295  341s  (eta 164s)
      [block p=0.46] chunk 5609/8295  433s  (eta 207s)
== phase run: the n=5 L=8 rung ==
   K = 3865 orbits; grid [0.46]
   [block p=0.46] RESUMED at chunk 5610/8295 (state 07:50:07)
      [block p=0.46] chunk 5617/8295  92s  (eta 44s)
      [block p=0.46] chunk 5625/8295  186s  (eta 88s)
      [block p=0.46] chunk 5633/8295  284s  (eta 134s)
      [block p=0.46] chunk 5641/8295  380s  (eta 179s)
      [block p=0.46] chunk 5649/8295  489s  (eta 229s)
== phase run: the n=5 L=8 rung ==
   K = 3865 orbits; grid [0.46]
   [block p=0.46] RESUMED at chunk 5650/8295 (state 07:59:48)
      [block p=0.46] chunk 5657/8295  90s  (eta 42s)
      [block p=0.46] chunk 5665/8295  188s  (eta 87s)
      [block p=0.46] chunk 5673/8295  287s  (eta 133s)
      [block p=0.46] chunk 5681/8295  386s  (eta 178s)
      [block p=0.46] chunk 5689/8295  496s  (eta 227s)
== phase run: the n=5 L=8 rung ==
   K = 3865 orbits; grid [0.46]
   [block p=0.46] RESUMED at chunk 5690/8295 (state 08:08:40)
      [block p=0.46] chunk 5697/8295  87s  (eta 40s)
      [block p=0.46] chunk 5705/8295  185s  (eta 84s)
      [block p=0.46] chunk 5713/8295  287s  (eta 130s)
      [block p=0.46] chunk 5721/8295  382s  (eta 172s)
      [block p=0.46] chunk 5729/8295  464s  (eta 208s)
== phase run: the n=5 L=8 rung ==
   K = 3865 orbits; grid [0.46]
   [block p=0.46] RESUMED at chunk 5730/8295 (state 08:20:36)
      [block p=0.46] chunk 5737/8295  85s  (eta 38s)
      [block p=0.46] chunk 5745/8295  179s  (eta 79s)
      [block p=0.46] chunk 5753/8295  281s  (eta 124s)
      [block p=0.46] chunk 5761/8295  373s  (eta 164s)
      [block p=0.46] chunk 5769/8295  469s  (eta 205s)
== phase run: the n=5 L=8 rung ==
   K = 3865 orbits; grid [0.46]
   [block p=0.46] RESUMED at chunk 5770/8295 (state 08:29:27)
      [block p=0.46] chunk 5777/8295  92s  (eta 40s)
      [block p=0.46] chunk 5785/8295  185s  (eta 80s)
      [block p=0.46] chunk 5793/8295  288s  (eta 125s)
      [block p=0.46] chunk 5801/8295  394s  (eta 170s)
      [block p=0.46] chunk 5809/8295  490s  (eta 210s)
== phase run: the n=5 L=8 rung ==
   K = 3865 orbits; grid [0.46]
   [block p=0.46] RESUMED at chunk 5810/8295 (state 08:38:38)
      [block p=0.46] chunk 5817/8295  90s  (eta 38s)
      [block p=0.46] chunk 5825/8295  175s  (eta 74s)
      [block p=0.46] chunk 5833/8295  270s  (eta 114s)
      [block p=0.46] chunk 5841/8295  367s  (eta 154s)
      [block p=0.46] chunk 5849/8295  449s  (eta 188s)
== phase run: the n=5 L=8 rung ==
   K = 3865 orbits; grid [0.46]
   [block p=0.46] RESUMED at chunk 5850/8295 (state 08:50:53)
      [block p=0.46] chunk 5857/8295  85s  (eta 36s)
      [block p=0.46] chunk 5865/8295  181s  (eta 75s)
      [block p=0.46] chunk 5873/8295  279s  (eta 115s)
      [block p=0.46] chunk 5881/8295  370s  (eta 152s)
      [block p=0.46] chunk 5889/8295  454s  (eta 185s)
== phase run: the n=5 L=8 rung ==
   K = 3865 orbits; grid [0.46]
   [block p=0.46] RESUMED at chunk 5890/8295 (state 08:59:46)
      [block p=0.46] chunk 5897/8295  80s  (eta 32s)
      [block p=0.46] chunk 5905/8295  166s  (eta 67s)
      [block p=0.46] chunk 5913/8295  247s  (eta 99s)
      [block p=0.46] chunk 5921/8295  341s  (eta 137s)
      [block p=0.46] chunk 5929/8295  431s  (eta 172s)
== phase run: the n=5 L=8 rung ==
   K = 3865 orbits; grid [0.46]
   [block p=0.46] RESUMED at chunk 5930/8295 (state 09:08:10)
      [block p=0.46] chunk 5937/8295  79s  (eta 32s)
      [block p=0.46] chunk 5945/8295  167s  (eta 66s)
      [block p=0.46] chunk 5953/8295  266s  (eta 105s)
      [block p=0.46] chunk 5961/8295  367s  (eta 144s)
      [block p=0.46] chunk 5969/8295  451s  (eta 176s)
== phase run: the n=5 L=8 rung ==
   K = 3865 orbits; grid [0.46]
   [block p=0.46] RESUMED at chunk 5970/8295 (state 09:20:34)
      [block p=0.46] chunk 5977/8295  77s  (eta 30s)
      [block p=0.46] chunk 5985/8295  175s  (eta 68s)
      [block p=0.46] chunk 5993/8295  270s  (eta 104s)
      [block p=0.46] chunk 6001/8295  350s  (eta 134s)
      [block p=0.46] chunk 6009/8295  451s  (eta 171s)
== phase run: the n=5 L=8 rung ==
   K = 3865 orbits; grid [0.46]
   [block p=0.46] RESUMED at chunk 6010/8295 (state 09:29:20)
      [block p=0.46] chunk 6017/8295  87s  (eta 33s)
      [block p=0.46] chunk 6025/8295  173s  (eta 65s)
      [block p=0.46] chunk 6033/8295  263s  (eta 99s)
      [block p=0.46] chunk 6041/8295  356s  (eta 133s)
      [block p=0.46] chunk 6049/8295  437s  (eta 162s)
== phase run: the n=5 L=8 rung ==
   K = 3865 orbits; grid [0.46]
   [block p=0.46] RESUMED at chunk 6050/8295 (state 09:37:55)
      [block p=0.46] chunk 6057/8295  89s  (eta 33s)
      [block p=0.46] chunk 6065/8295  170s  (eta 63s)
      [block p=0.46] chunk 6073/8295  262s  (eta 96s)
      [block p=0.46] chunk 6081/8295  360s  (eta 131s)
      [block p=0.46] chunk 6089/8295  458s  (eta 166s)
== phase run: the n=5 L=8 rung ==
   K = 3865 orbits; grid [0.46]
   [block p=0.46] RESUMED at chunk 6090/8295 (state 09:50:38)
      [block p=0.46] chunk 6097/8295  109s  (eta 39s)
      [block p=0.46] chunk 6105/8295  211s  (eta 76s)
      [block p=0.46] chunk 6113/8295  297s  (eta 106s)
      [block p=0.46] chunk 6121/8295  386s  (eta 137s)
      [block p=0.46] chunk 6129/8295  478s  (eta 169s)
== phase run: the n=5 L=8 rung ==
   K = 3865 orbits; grid [0.46]
   [block p=0.46] RESUMED at chunk 6130/8295 (state 09:59:45)
      [block p=0.46] chunk 6137/8295  82s  (eta 29s)
      [block p=0.46] chunk 6145/8295  174s  (eta 61s)
      [block p=0.46] chunk 6153/8295  272s  (eta 95s)
      [block p=0.46] chunk 6161/8295  373s  (eta 129s)
      [block p=0.46] chunk 6169/8295  466s  (eta 161s)
== phase run: the n=5 L=8 rung ==
   K = 3865 orbits; grid [0.46]
   [block p=0.46] RESUMED at chunk 6170/8295 (state 10:08:19)
      [block p=0.46] chunk 6177/8295  98s  (eta 33s)
      [block p=0.46] chunk 6185/8295  194s  (eta 66s)
      [block p=0.46] chunk 6193/8295  306s  (eta 104s)
      [block p=0.46] chunk 6201/8295  392s  (eta 132s)
      [block p=0.46] chunk 6209/8295  481s  (eta 162s)
== phase run: the n=5 L=8 rung ==
   K = 3865 orbits; grid [0.46]
   [block p=0.46] RESUMED at chunk 6210/8295 (state 10:20:59)
      [block p=0.46] chunk 6217/8295  97s  (eta 32s)
      [block p=0.46] chunk 6225/8295  184s  (eta 61s)
      [block p=0.46] chunk 6233/8295  266s  (eta 88s)
      [block p=0.46] chunk 6241/8295  363s  (eta 119s)
      [block p=0.46] chunk 6249/8295  447s  (eta 146s)
== phase run: the n=5 L=8 rung ==
   K = 3865 orbits; grid [0.46]
   [block p=0.46] RESUMED at chunk 6250/8295 (state 10:29:11)
      [block p=0.46] chunk 6257/8295  87s  (eta 28s)
      [block p=0.46] chunk 6265/8295  171s  (eta 55s)
      [block p=0.46] chunk 6273/8295  249s  (eta 80s)
      [block p=0.46] chunk 6281/8295  341s  (eta 109s)
      [block p=0.46] chunk 6289/8295  441s  (eta 141s)
== phase run: the n=5 L=8 rung ==
   K = 3865 orbits; grid [0.46]
   [block p=0.46] RESUMED at chunk 6290/8295 (state 10:37:54)
      [block p=0.46] chunk 6297/8295  82s  (eta 26s)
      [block p=0.46] chunk 6305/8295  165s  (eta 52s)
      [block p=0.46] chunk 6313/8295  268s  (eta 84s)
      [block p=0.46] chunk 6321/8295  374s  (eta 117s)
      [block p=0.46] chunk 6329/8295  472s  (eta 147s)
== phase run: the n=5 L=8 rung ==
   K = 3865 orbits; grid [0.46]
   [block p=0.46] RESUMED at chunk 6330/8295 (state 10:50:47)
      [block p=0.46] chunk 6337/8295  81s  (eta 25s)
      [block p=0.46] chunk 6345/8295  176s  (eta 54s)
      [block p=0.46] chunk 6353/8295  265s  (eta 81s)
      [block p=0.46] chunk 6361/8295  350s  (eta 106s)
      [block p=0.46] chunk 6369/8295  441s  (eta 133s)
== phase run: the n=5 L=8 rung ==
   K = 3865 orbits; grid [0.46]
   [block p=0.46] RESUMED at chunk 6370/8295 (state 10:58:59)
      [block p=0.46] chunk 6377/8295  90s  (eta 27s)
      [block p=0.46] chunk 6385/8295  179s  (eta 54s)
      [block p=0.46] chunk 6393/8295  276s  (eta 82s)
      [block p=0.46] chunk 6401/8295  365s  (eta 108s)
      [block p=0.46] chunk 6409/8295  446s  (eta 131s)
== phase run: the n=5 L=8 rung ==
   K = 3865 orbits; grid [0.46]
   [block p=0.46] RESUMED at chunk 6410/8295 (state 11:08:02)
      [block p=0.46] chunk 6417/8295  78s  (eta 23s)
      [block p=0.46] chunk 6425/8295  171s  (eta 50s)
      [block p=0.46] chunk 6433/8295  269s  (eta 78s)
      [block p=0.46] chunk 6441/8295  361s  (eta 104s)
      [block p=0.46] chunk 6449/8295  451s  (eta 129s)
== phase run: the n=5 L=8 rung ==
   K = 3865 orbits; grid [0.46]
   [block p=0.46] RESUMED at chunk 6450/8295 (state 11:20:26)
      [block p=0.46] chunk 6457/8295  96s  (eta 27s)
      [block p=0.46] chunk 6465/8295  193s  (eta 55s)
      [block p=0.46] chunk 6473/8295  276s  (eta 78s)
      [block p=0.46] chunk 6481/8295  369s  (eta 103s)
      [block p=0.46] chunk 6489/8295  473s  (eta 132s)
== phase run: the n=5 L=8 rung ==
   K = 3865 orbits; grid [0.46]
   [block p=0.46] RESUMED at chunk 6490/8295 (state 11:29:36)
      [block p=0.46] chunk 6497/8295  82s  (eta 23s)
      [block p=0.46] chunk 6505/8295  180s  (eta 50s)
      [block p=0.46] chunk 6513/8295  260s  (eta 71s)
      [block p=0.46] chunk 6521/8295  356s  (eta 97s)
      [block p=0.46] chunk 6529/8295  444s  (eta 120s)
== phase run: the n=5 L=8 rung ==
   K = 3865 orbits; grid [0.46]
   [block p=0.46] RESUMED at chunk 6530/8295 (state 11:37:59)
      [block p=0.46] chunk 6537/8295  94s  (eta 25s)
      [block p=0.46] chunk 6545/8295  188s  (eta 50s)
      [block p=0.46] chunk 6553/8295  280s  (eta 74s)
      [block p=0.46] chunk 6561/8295  369s  (eta 98s)
      [block p=0.46] chunk 6569/8295  457s  (eta 120s)
== phase run: the n=5 L=8 rung ==
   K = 3865 orbits; grid [0.46]
   [block p=0.46] RESUMED at chunk 6570/8295 (state 11:50:38)
      [block p=0.46] chunk 6577/8295  85s  (eta 22s)
      [block p=0.46] chunk 6585/8295  173s  (eta 45s)
      [block p=0.46] chunk 6593/8295  273s  (eta 70s)
      [block p=0.46] chunk 6601/8295  375s  (eta 96s)
      [block p=0.46] chunk 6609/8295  469s  (eta 120s)
== phase run: the n=5 L=8 rung ==
   K = 3865 orbits; grid [0.46]
   [block p=0.46] RESUMED at chunk 6610/8295 (state 11:59:37)
      [block p=0.46] chunk 6617/8295  90s  (eta 23s)
      [block p=0.46] chunk 6625/8295  178s  (eta 45s)
      [block p=0.46] chunk 6633/8295  276s  (eta 69s)
      [block p=0.46] chunk 6641/8295  375s  (eta 93s)
      [block p=0.46] chunk 6649/8295  463s  (eta 115s)
== phase run: the n=5 L=8 rung ==
   K = 3865 orbits; grid [0.46]
   [block p=0.46] RESUMED at chunk 6650/8295 (state 12:08:19)
      [block p=0.46] chunk 6657/8295  98s  (eta 24s)
      [block p=0.46] chunk 6665/8295  197s  (eta 48s)
      [block p=0.46] chunk 6673/8295  290s  (eta 70s)
      [block p=0.46] chunk 6681/8295  398s  (eta 96s)
      [block p=0.46] chunk 6689/8295  483s  (eta 116s)
== phase run: the n=5 L=8 rung ==
   K = 3865 orbits; grid [0.46]
   [block p=0.46] RESUMED at chunk 6690/8295 (state 12:21:05)
      [block p=0.46] chunk 6697/8295  77s  (eta 18s)
      [block p=0.46] chunk 6705/8295  179s  (eta 43s)
      [block p=0.46] chunk 6713/8295  266s  (eta 63s)
      [block p=0.46] chunk 6721/8295  353s  (eta 83s)
      [block p=0.46] chunk 6729/8295  446s  (eta 104s)
== phase run: the n=5 L=8 rung ==
   K = 3865 orbits; grid [0.46]
   [block p=0.46] RESUMED at chunk 6730/8295 (state 12:29:23)
      [block p=0.46] chunk 6737/8295  84s  (eta 19s)
      [block p=0.46] chunk 6745/8295  167s  (eta 38s)
      [block p=0.46] chunk 6753/8295  253s  (eta 58s)
      [block p=0.46] chunk 6761/8295  347s  (eta 79s)
      [block p=0.46] chunk 6769/8295  439s  (eta 99s)
== phase run: the n=5 L=8 rung ==
   K = 3865 orbits; grid [0.46]
   [block p=0.46] RESUMED at chunk 6770/8295 (state 12:38:04)
      [block p=0.46] chunk 6777/8295  97s  (eta 22s)
      [block p=0.46] chunk 6785/8295  193s  (eta 43s)
      [block p=0.46] chunk 6793/8295  278s  (eta 61s)
      [block p=0.46] chunk 6801/8295  367s  (eta 81s)
      [block p=0.46] chunk 6809/8295  451s  (eta 98s)
== phase run: the n=5 L=8 rung ==
   K = 3865 orbits; grid [0.46]
   [block p=0.46] RESUMED at chunk 6810/8295 (state 12:50:32)
      [block p=0.46] chunk 6817/8295  96s  (eta 21s)
      [block p=0.46] chunk 6825/8295  183s  (eta 39s)
      [block p=0.46] chunk 6833/8295  284s  (eta 61s)
      [block p=0.46] chunk 6841/8295  386s  (eta 82s)
      [block p=0.46] chunk 6849/8295  485s  (eta 102s)
== phase run: the n=5 L=8 rung ==
   K = 3865 orbits; grid [0.46]
   [block p=0.46] RESUMED at chunk 6850/8295 (state 12:59:54)
      [block p=0.46] chunk 6857/8295  94s  (eta 20s)
      [block p=0.46] chunk 6865/8295  179s  (eta 37s)
      [block p=0.46] chunk 6873/8295  265s  (eta 55s)
      [block p=0.46] chunk 6881/8295  343s  (eta 71s)
      [block p=0.46] chunk 6889/8295  426s  (eta 87s)
== phase run: the n=5 L=8 rung ==
   K = 3865 orbits; grid [0.46]
   [block p=0.46] RESUMED at chunk 6890/8295 (state 13:07:46)
      [block p=0.46] chunk 6897/8295  81s  (eta 16s)
      [block p=0.46] chunk 6905/8295  160s  (eta 32s)
      [block p=0.46] chunk 6913/8295  247s  (eta 49s)
      [block p=0.46] chunk 6921/8295  348s  (eta 69s)
      [block p=0.46] chunk 6929/8295  441s  (eta 87s)
== phase run: the n=5 L=8 rung ==
   K = 3865 orbits; grid [0.46]
   [block p=0.46] RESUMED at chunk 6930/8295 (state 13:20:25)
      [block p=0.46] chunk 6937/8295  84s  (eta 17s)
      [block p=0.46] chunk 6945/8295  179s  (eta 35s)
      [block p=0.46] chunk 6953/8295  280s  (eta 54s)
      [block p=0.46] chunk 6961/8295  366s  (eta 70s)
      [block p=0.46] chunk 6969/8295  451s  (eta 86s)
== phase run: the n=5 L=8 rung ==
   K = 3865 orbits; grid [0.46]
   [block p=0.46] RESUMED at chunk 6970/8295 (state 13:29:23)
      [block p=0.46] chunk 6977/8295  82s  (eta 16s)
      [block p=0.46] chunk 6985/8295  184s  (eta 34s)
      [block p=0.46] chunk 6993/8295  270s  (eta 50s)
      [block p=0.46] chunk 7001/8295  355s  (eta 66s)
      [block p=0.46] chunk 7009/8295  451s  (eta 83s)
== phase run: the n=5 L=8 rung ==
   K = 3865 orbits; grid [0.46]
   [block p=0.46] RESUMED at chunk 7010/8295 (state 13:38:17)
      [block p=0.46] chunk 7017/8295  76s  (eta 14s)
      [block p=0.46] chunk 7025/8295  177s  (eta 32s)
      [block p=0.46] chunk 7033/8295  273s  (eta 49s)
      [block p=0.46] chunk 7041/8295  378s  (eta 67s)
      [block p=0.46] chunk 7049/8295  464s  (eta 82s)
== phase run: the n=5 L=8 rung ==
   K = 3865 orbits; grid [0.46]
   [block p=0.46] RESUMED at chunk 7050/8295 (state 13:50:19)
      [block p=0.46] chunk 7057/8295  79s  (eta 14s)
      [block p=0.46] chunk 7065/8295  167s  (eta 29s)
      [block p=0.46] chunk 7073/8295  262s  (eta 45s)
      [block p=0.46] chunk 7081/8295  361s  (eta 62s)
      [block p=0.46] chunk 7089/8295  448s  (eta 76s)
== phase run: the n=5 L=8 rung ==
   K = 3865 orbits; grid [0.46]
   [block p=0.46] RESUMED at chunk 7090/8295 (state 13:58:46)
      [block p=0.46] chunk 7097/8295  83s  (eta 14s)
      [block p=0.46] chunk 7105/8295  179s  (eta 30s)
      [block p=0.46] chunk 7113/8295  268s  (eta 45s)
      [block p=0.46] chunk 7121/8295  364s  (eta 60s)
      [block p=0.46] chunk 7129/8295  458s  (eta 75s)
== phase run: the n=5 L=8 rung ==
   K = 3865 orbits; grid [0.46]
   [block p=0.46] RESUMED at chunk 7130/8295 (state 14:07:41)
      [block p=0.46] chunk 7137/8295  100s  (eta 16s)
      [block p=0.46] chunk 7145/8295  196s  (eta 32s)
      [block p=0.46] chunk 7153/8295  290s  (eta 46s)
      [block p=0.46] chunk 7161/8295  386s  (eta 61s)
      [block p=0.46] chunk 7169/8295  477s  (eta 75s)
== phase run: the n=5 L=8 rung ==
   K = 3865 orbits; grid [0.46]
   [block p=0.46] RESUMED at chunk 7170/8295 (state 14:22:38)
      [block p=0.46] chunk 7177/8295  81s  (eta 13s)
      [block p=0.46] chunk 7185/8295  162s  (eta 25s)
      [block p=0.46] chunk 7193/8295  263s  (eta 40s)
      [block p=0.46] chunk 7201/8295  370s  (eta 56s)
      [block p=0.46] chunk 7209/8295  454s  (eta 68s)
== phase run: the n=5 L=8 rung ==
   K = 3865 orbits; grid [0.46]
   [block p=0.46] RESUMED at chunk 7210/8295 (state 14:31:04)
      [block p=0.46] chunk 7217/8295  99s  (eta 15s)
      [block p=0.46] chunk 7225/8295  193s  (eta 29s)
      [block p=0.46] chunk 7233/8295  276s  (eta 41s)
      [block p=0.46] chunk 7241/8295  362s  (eta 53s)
      [block p=0.46] chunk 7249/8295  446s  (eta 64s)
== phase run: the n=5 L=8 rung ==
   K = 3865 orbits; grid [0.46]
   [block p=0.46] RESUMED at chunk 7250/8295 (state 14:39:45)
      [block p=0.46] chunk 7257/8295  92s  (eta 13s)
      [block p=0.46] chunk 7265/8295  178s  (eta 25s)
      [block p=0.46] chunk 7273/8295  278s  (eta 39s)
      [block p=0.46] chunk 7281/8295  371s  (eta 52s)
      [block p=0.46] chunk 7289/8295  480s  (eta 66s)
== phase run: the n=5 L=8 rung ==
   K = 3865 orbits; grid [0.46]
   [block p=0.46] RESUMED at chunk 7290/8295 (state 14:51:09)
      [block p=0.46] chunk 7297/8295  89s  (eta 12s)
      [block p=0.46] chunk 7305/8295  178s  (eta 24s)
      [block p=0.46] chunk 7313/8295  269s  (eta 36s)
      [block p=0.46] chunk 7321/8295  370s  (eta 49s)
      [block p=0.46] chunk 7329/8295  476s  (eta 63s)
== phase run: the n=5 L=8 rung ==
   K = 3865 orbits; grid [0.46]
   [block p=0.46] RESUMED at chunk 7330/8295 (state 14:59:59)
      [block p=0.46] chunk 7337/8295  85s  (eta 11s)
      [block p=0.46] chunk 7345/8295  189s  (eta 24s)
      [block p=0.46] chunk 7353/8295  286s  (eta 37s)
      [block p=0.46] chunk 7361/8295  373s  (eta 47s)
      [block p=0.46] chunk 7369/8295  467s  (eta 59s)
== phase run: the n=5 L=8 rung ==
   K = 3865 orbits; grid [0.46]
   [block p=0.46] RESUMED at chunk 7370/8295 (state 15:08:42)
      [block p=0.46] chunk 7377/8295  79s  (eta 10s)
      [block p=0.46] chunk 7385/8295  168s  (eta 21s)
      [block p=0.46] chunk 7393/8295  261s  (eta 32s)
      [block p=0.46] chunk 7401/8295  369s  (eta 45s)
      [block p=0.46] chunk 7409/8295  471s  (eta 56s)
== phase run: the n=5 L=8 rung ==
   K = 3865 orbits; grid [0.46]
   [block p=0.46] RESUMED at chunk 7410/8295 (state 15:21:37)
      [block p=0.46] chunk 7417/8295  98s  (eta 12s)
      [block p=0.46] chunk 7425/8295  184s  (eta 22s)
      [block p=0.46] chunk 7433/8295  272s  (eta 32s)
      [block p=0.46] chunk 7441/8295  378s  (eta 43s)
      [block p=0.46] chunk 7449/8295  471s  (eta 54s)
== phase run: the n=5 L=8 rung ==
   K = 3865 orbits; grid [0.46]
   [block p=0.46] RESUMED at chunk 7450/8295 (state 15:30:22)
      [block p=0.46] chunk 7457/8295  83s  (eta 9s)
      [block p=0.46] chunk 7465/8295  179s  (eta 20s)
      [block p=0.46] chunk 7473/8295  282s  (eta 31s)
      [block p=0.46] chunk 7481/8295  382s  (eta 42s)
      [block p=0.46] chunk 7489/8295  474s  (eta 51s)
== phase run: the n=5 L=8 rung ==
   K = 3865 orbits; grid [0.46]
   [block p=0.46] RESUMED at chunk 7490/8295 (state 15:39:09)
      [block p=0.46] chunk 7497/8295  78s  (eta 8s)
      [block p=0.46] chunk 7505/8295  161s  (eta 17s)
      [block p=0.46] chunk 7513/8295  240s  (eta 25s)
      [block p=0.46] chunk 7521/8295  334s  (eta 34s)
      [block p=0.46] chunk 7529/8295  426s  (eta 43s)
      [block p=0.46] chunk 7537/8295  514s  (eta 52s)
== phase run: the n=5 L=8 rung ==
   K = 3865 orbits; grid [0.46]
   [block p=0.46] RESUMED at chunk 7538/8295 (state 15:51:37)
      [block p=0.46] chunk 7545/8295  83s  (eta 8s)
      [block p=0.46] chunk 7553/8295  188s  (eta 18s)
      [block p=0.46] chunk 7561/8295  276s  (eta 27s)
      [block p=0.46] chunk 7569/8295  369s  (eta 35s)
      [block p=0.46] chunk 7577/8295  459s  (eta 43s)
== phase run: the n=5 L=8 rung ==
   K = 3865 orbits; grid [0.46]
   [block p=0.46] RESUMED at chunk 7578/8295 (state 15:59:32)
      [block p=0.46] chunk 7585/8295  81s  (eta 8s)
      [block p=0.46] chunk 7593/8295  180s  (eta 17s)
      [block p=0.46] chunk 7601/8295  261s  (eta 24s)
      [block p=0.46] chunk 7609/8295  348s  (eta 31s)
      [block p=0.46] chunk 7617/8295  442s  (eta 39s)
== phase run: the n=5 L=8 rung ==
   K = 3865 orbits; grid [0.46]
   [block p=0.46] RESUMED at chunk 7618/8295 (state 16:08:01)
      [block p=0.46] chunk 7625/8295  95s  (eta 8s)
      [block p=0.46] chunk 7633/8295  180s  (eta 16s)
      [block p=0.46] chunk 7641/8295  267s  (eta 23s)
      [block p=0.46] chunk 7649/8295  379s  (eta 32s)
      [block p=0.46] chunk 7657/8295  486s  (eta 40s)
== phase run: the n=5 L=8 rung ==
   K = 3865 orbits; grid [0.46]
   [block p=0.46] RESUMED at chunk 7658/8295 (state 16:21:07)
      [block p=0.46] chunk 7665/8295  95s  (eta 8s)
      [block p=0.46] chunk 7673/8295  195s  (eta 16s)
      [block p=0.46] chunk 7681/8295  288s  (eta 23s)
      [block p=0.46] chunk 7689/8295  383s  (eta 30s)
      [block p=0.46] chunk 7697/8295  484s  (eta 38s)
== phase run: the n=5 L=8 rung ==
   K = 3865 orbits; grid [0.46]
   [block p=0.46] RESUMED at chunk 7698/8295 (state 16:29:49)
      [block p=0.46] chunk 7705/8295  90s  (eta 7s)
      [block p=0.46] chunk 7713/8295  181s  (eta 14s)
      [block p=0.46] chunk 7721/8295  274s  (eta 20s)
      [block p=0.46] chunk 7729/8295  367s  (eta 27s)
      [block p=0.46] chunk 7737/8295  462s  (eta 33s)
== phase run: the n=5 L=8 rung ==
   K = 3865 orbits; grid [0.46]
   [block p=0.46] RESUMED at chunk 7738/8295 (state 16:38:10)
      [block p=0.46] chunk 7745/8295  77s  (eta 5s)
      [block p=0.46] chunk 7753/8295  170s  (eta 12s)
      [block p=0.46] chunk 7761/8295  262s  (eta 18s)
      [block p=0.46] chunk 7769/8295  356s  (eta 24s)
      [block p=0.46] chunk 7777/8295  455s  (eta 30s)
== phase run: the n=5 L=8 rung ==
   K = 3865 orbits; grid [0.46]
   [block p=0.46] RESUMED at chunk 7778/8295 (state 16:50:33)
      [block p=0.46] chunk 7785/8295  81s  (eta 5s)
      [block p=0.46] chunk 7793/8295  169s  (eta 11s)
      [block p=0.46] chunk 7801/8295  252s  (eta 16s)
      [block p=0.46] chunk 7809/8295  342s  (eta 21s)
      [block p=0.46] chunk 7817/8295  429s  (eta 26s)
== phase run: the n=5 L=8 rung ==
   K = 3865 orbits; grid [0.46]
   [block p=0.46] RESUMED at chunk 7818/8295 (state 16:59:00)
      [block p=0.46] chunk 7825/8295  92s  (eta 6s)
      [block p=0.46] chunk 7833/8295  182s  (eta 11s)
      [block p=0.46] chunk 7841/8295  267s  (eta 15s)
      [block p=0.46] chunk 7849/8295  356s  (eta 20s)
      [block p=0.46] chunk 7857/8295  450s  (eta 25s)
== phase run: the n=5 L=8 rung ==
   K = 3865 orbits; grid [0.46]
   [block p=0.46] RESUMED at chunk 7858/8295 (state 17:08:10)
      [block p=0.46] chunk 7865/8295  77s  (eta 4s)
      [block p=0.46] chunk 7873/8295  161s  (eta 9s)
      [block p=0.46] chunk 7881/8295  238s  (eta 13s)
      [block p=0.46] chunk 7889/8295  330s  (eta 17s)
      [block p=0.46] chunk 7897/8295  417s  (eta 21s)
      [block p=0.46] chunk 7905/8295  513s  (eta 25s)
== phase run: the n=5 L=8 rung ==
   K = 3865 orbits; grid [0.46]
   [block p=0.46] RESUMED at chunk 7906/8295 (state 17:21:43)
      [block p=0.46] chunk 7913/8295  92s  (eta 4s)
      [block p=0.46] chunk 7921/8295  192s  (eta 9s)
      [block p=0.46] chunk 7929/8295  293s  (eta 14s)
      [block p=0.46] chunk 7937/8295  403s  (eta 18s)
      [block p=0.46] chunk 7945/8295  490s  (eta 22s)
== phase run: the n=5 L=8 rung ==
   K = 3865 orbits; grid [0.46]
   [block p=0.46] RESUMED at chunk 7946/8295 (state 17:30:03)
      [block p=0.46] chunk 7953/8295  82s  (eta 4s)
      [block p=0.46] chunk 7961/8295  167s  (eta 7s)
      [block p=0.46] chunk 7969/8295  256s  (eta 10s)
      [block p=0.46] chunk 7977/8295  347s  (eta 14s)
      [block p=0.46] chunk 7985/8295  443s  (eta 17s)
== phase run: the n=5 L=8 rung ==
   K = 3865 orbits; grid [0.46]
   [block p=0.46] RESUMED at chunk 7986/8295 (state 17:38:02)
      [block p=0.46] chunk 7993/8295  76s  (eta 3s)
      [block p=0.46] chunk 8001/8295  165s  (eta 6s)
      [block p=0.46] chunk 8009/8295  250s  (eta 9s)
      [block p=0.46] chunk 8017/8295  335s  (eta 12s)
      [block p=0.46] chunk 8025/8295  430s  (eta 14s)
== phase run: the n=5 L=8 rung ==
   K = 3865 orbits; grid [0.46]
   [block p=0.46] RESUMED at chunk 8026/8295 (state 17:50:11)
      [block p=0.46] chunk 8033/8295  97s  (eta 3s)
      [block p=0.46] chunk 8041/8295  192s  (eta 6s)
      [block p=0.46] chunk 8049/8295  288s  (eta 9s)
      [block p=0.46] chunk 8057/8295  379s  (eta 11s)
      [block p=0.46] chunk 8065/8295  468s  (eta 13s)
== phase run: the n=5 L=8 rung ==
   K = 3865 orbits; grid [0.46]
   [block p=0.46] RESUMED at chunk 8066/8295 (state 17:59:31)
      [block p=0.46] chunk 8073/8295  89s  (eta 2s)
      [block p=0.46] chunk 8081/8295  177s  (eta 5s)
      [block p=0.46] chunk 8089/8295  272s  (eta 7s)
      [block p=0.46] chunk 8097/8295  377s  (eta 9s)
      [block p=0.46] chunk 8105/8295  474s  (eta 11s)
== phase run: the n=5 L=8 rung ==
   K = 3865 orbits; grid [0.46]
   [block p=0.46] RESUMED at chunk 8106/8295 (state 18:08:23)
      [block p=0.46] chunk 8113/8295  83s  (eta 2s)
      [block p=0.46] chunk 8121/8295  190s  (eta 4s)
      [block p=0.46] chunk 8129/8295  278s  (eta 6s)
      [block p=0.46] chunk 8137/8295  377s  (eta 7s)
      [block p=0.46] chunk 8145/8295  468s  (eta 9s)
== phase run: the n=5 L=8 rung ==
   K = 3865 orbits; grid [0.46]
   [block p=0.46] RESUMED at chunk 8146/8295 (state 18:20:52)
      [block p=0.46] chunk 8153/8295  95s  (eta 2s)
      [block p=0.46] chunk 8161/8295  189s  (eta 3s)
      [block p=0.46] chunk 8169/8295  275s  (eta 4s)
      [block p=0.46] chunk 8177/8295  377s  (eta 5s)
      [block p=0.46] chunk 8185/8295  474s  (eta 6s)
== phase run: the n=5 L=8 rung ==
   K = 3865 orbits; grid [0.46]
   [block p=0.46] RESUMED at chunk 8186/8295 (state 18:29:42)
      [block p=0.46] chunk 8193/8295  89s  (eta 1s)
      [block p=0.46] chunk 8201/8295  180s  (eta 2s)
      [block p=0.46] chunk 8209/8295  286s  (eta 3s)
      [block p=0.46] chunk 8217/8295  373s  (eta 4s)
      [block p=0.46] chunk 8225/8295  459s  (eta 4s)
== phase run: the n=5 L=8 rung ==
   K = 3865 orbits; grid [0.46]
   [block p=0.46] RESUMED at chunk 8226/8295 (state 18:38:13)
      [block p=0.46] chunk 8233/8295  93s  (eta 1s)
      [block p=0.46] chunk 8241/8295  195s  (eta 1s)
      [block p=0.46] chunk 8249/8295  284s  (eta 2s)
      [block p=0.46] chunk 8257/8295  381s  (eta 2s)
      [block p=0.46] chunk 8265/8295  466s  (eta 2s)
== phase run: the n=5 L=8 rung ==
   K = 3865 orbits; grid [0.46]
   [block p=0.46] RESUMED at chunk 8266/8295 (state 18:51:32)
      [block p=0.46] chunk 8273/8295  100s  (eta 0s)
      [block p=0.46] chunk 8281/8295  192s  (eta 0s)
      [block p=0.46] chunk 8289/8295  293s  (eta 0s)
   p=0.46: lam1=1.71595722e-04 lam2=1.06117945e-04 gap12=0.48059  [400.4s]
== phase run: the n=5 L=8 rung ==
   K = 3865 orbits; grid [0.46]
      [block p=0.46] chunk 1/8295  13s  (eta 111134s)
      [block p=0.46] chunk 9/8295  93s  (eta 85680s)
      [block p=0.46] chunk 17/8295  186s  (eta 90647s)
      [block p=0.46] chunk 25/8295  285s  (eta 94239s)
      [block p=0.46] chunk 33/8295  390s  (eta 97617s)
      [block p=0.46] chunk 41/8295  492s  (eta 98950s)
== phase run: the n=5 L=8 rung ==
   K = 3865 orbits; grid [0.46]
   [block p=0.46] RESUMED at chunk 42/8295 (state 19:14:27)
      [block p=0.46] chunk 49/8295  102s  (eta 17241s)
      [block p=0.46] chunk 57/8295  209s  (eta 30206s)
      [block p=0.46] chunk 65/8295  302s  (eta 38216s)
      [block p=0.46] chunk 73/8295  403s  (eta 45363s)
      [block p=0.46] chunk 81/8295  500s  (eta 50680s)
== phase run: the n=5 L=8 rung ==
   K = 3865 orbits; grid [0.46]
   [block p=0.46] RESUMED at chunk 82/8295 (state 19:24:42)
      [block p=0.46] chunk 89/8295  87s  (eta 8050s)
      [block p=0.46] chunk 97/8295  189s  (eta 16011s)
      [block p=0.46] chunk 105/8295  304s  (eta 23699s)
      [block p=0.46] chunk 113/8295  396s  (eta 28696s)
      [block p=0.46] chunk 121/8295  496s  (eta 33479s)
== phase run: the n=5 L=8 rung ==
   K = 3865 orbits; grid [0.46]
   [block p=0.46] RESUMED at chunk 122/8295 (state 19:33:21)
      [block p=0.46] chunk 129/8295  89s  (eta 5617s)
      [block p=0.46] chunk 137/8295  187s  (eta 11107s)
      [block p=0.46] chunk 145/8295  274s  (eta 15380s)
      [block p=0.46] chunk 153/8295  379s  (eta 20162s)
      [block p=0.46] chunk 161/8295  461s  (eta 23312s)
== phase run: the n=5 L=8 rung ==
   K = 3865 orbits; grid [0.46]
   [block p=0.46] RESUMED at chunk 162/8295 (state 19:41:33)
      [block p=0.46] chunk 169/8295  104s  (eta 4996s)
      [block p=0.46] chunk 177/8295  209s  (eta 9591s)
      [block p=0.46] chunk 185/8295  302s  (eta 13239s)
      [block p=0.46] chunk 193/8295  409s  (eta 17156s)
      [block p=0.46] chunk 201/8295  497s  (eta 19994s)
== phase run: the n=5 L=8 rung ==
   K = 3865 orbits; grid [0.46]
   [block p=0.46] RESUMED at chunk 202/8295 (state 19:51:43)
      [block p=0.46] chunk 209/8295  92s  (eta 3574s)
      [block p=0.46] chunk 217/8295  171s  (eta 6383s)
      [block p=0.46] chunk 225/8295  258s  (eta 9255s)
      [block p=0.46] chunk 233/8295  358s  (eta 12402s)
      [block p=0.46] chunk 241/8295  459s  (eta 15351s)
== phase run: the n=5 L=8 rung ==
   K = 3865 orbits; grid [0.46]
   [block p=0.46] RESUMED at chunk 242/8295 (state 19:59:49)
      [block p=0.46] chunk 249/8295  101s  (eta 3275s)
      [block p=0.46] chunk 257/8295  191s  (eta 5975s)
      [block p=0.46] chunk 265/8295  287s  (eta 8685s)
      [block p=0.46] chunk 273/8295  398s  (eta 11688s)
      [block p=0.46] chunk 281/8295  485s  (eta 13835s)
== phase run: the n=5 L=8 rung ==
   K = 3865 orbits; grid [0.46]
   [block p=0.46] RESUMED at chunk 282/8295 (state 20:08:57)
      [block p=0.46] chunk 289/8295  88s  (eta 2442s)
      [block p=0.46] chunk 297/8295  190s  (eta 5108s)
      [block p=0.46] chunk 305/8295  280s  (eta 7337s)
      [block p=0.46] chunk 313/8295  381s  (eta 9728s)
      [block p=0.46] chunk 321/8295  473s  (eta 11762s)
== phase run: the n=5 L=8 rung ==
   K = 3865 orbits; grid [0.46]
   [block p=0.46] RESUMED at chunk 322/8295 (state 20:20:59)
      [block p=0.46] chunk 329/8295  79s  (eta 1910s)
      [block p=0.46] chunk 337/8295  166s  (eta 3911s)
      [block p=0.46] chunk 345/8295  267s  (eta 6153s)
      [block p=0.46] chunk 353/8295  370s  (eta 8335s)
      [block p=0.46] chunk 361/8295  459s  (eta 10093s)
== phase run: the n=5 L=8 rung ==
   K = 3865 orbits; grid [0.46]
   [block p=0.46] RESUMED at chunk 362/8295 (state 20:29:28)
      [block p=0.46] chunk 369/8295  82s  (eta 1757s)
      [block p=0.46] chunk 377/8295  167s  (eta 3504s)
      [block p=0.46] chunk 385/8295  261s  (eta 5364s)
      [block p=0.46] chunk 393/8295  353s  (eta 7100s)
      [block p=0.46] chunk 401/8295  444s  (eta 8748s)
== phase run: the n=5 L=8 rung ==
   K = 3865 orbits; grid [0.46]
   [block p=0.46] RESUMED at chunk 402/8295 (state 20:37:56)
      [block p=0.46] chunk 409/8295  100s  (eta 1933s)
      [block p=0.46] chunk 417/8295  195s  (eta 3677s)
      [block p=0.46] chunk 425/8295  290s  (eta 5362s)
      [block p=0.46] chunk 433/8295  397s  (eta 7216s)
      [block p=0.46] chunk 441/8295  493s  (eta 8778s)
== phase run: the n=5 L=8 rung ==
   K = 3865 orbits; grid [0.46]
   [block p=0.46] RESUMED at chunk 442/8295 (state 20:51:21)
      [block p=0.46] chunk 449/8295  79s  (eta 1388s)
      [block p=0.46] chunk 457/8295  169s  (eta 2894s)
      [block p=0.46] chunk 465/8295  270s  (eta 4552s)
      [block p=0.46] chunk 473/8295  367s  (eta 6076s)
      [block p=0.46] chunk 481/8295  456s  (eta 7409s)
== phase run: the n=5 L=8 rung ==
   K = 3865 orbits; grid [0.46]
   [block p=0.46] RESUMED at chunk 482/8295 (state 20:59:32)
      [block p=0.46] chunk 489/8295  87s  (eta 1384s)
      [block p=0.46] chunk 497/8295  173s  (eta 2708s)
      [block p=0.46] chunk 505/8295  259s  (eta 3997s)
      [block p=0.46] chunk 513/8295  346s  (eta 5250s)
      [block p=0.46] chunk 521/8295  434s  (eta 6474s)
== phase run: the n=5 L=8 rung ==
   K = 3865 orbits; grid [0.46]
   [block p=0.46] RESUMED at chunk 522/8295 (state 21:07:57)
      [block p=0.46] chunk 529/8295  91s  (eta 1329s)
      [block p=0.46] chunk 537/8295  183s  (eta 2638s)
      [block p=0.46] chunk 545/8295  271s  (eta 3852s)
      [block p=0.46] chunk 553/8295  357s  (eta 4999s)
      [block p=0.46] chunk 561/8295  454s  (eta 6265s)
== phase run: the n=5 L=8 rung ==
   K = 3865 orbits; grid [0.46]
   [block p=0.46] RESUMED at chunk 562/8295 (state 21:20:49)
      [block p=0.46] chunk 569/8295  84s  (eta 1142s)
      [block p=0.46] chunk 577/8295  172s  (eta 2302s)
      [block p=0.46] chunk 585/8295  255s  (eta 3358s)
      [block p=0.46] chunk 593/8295  340s  (eta 4412s)
      [block p=0.46] chunk 601/8295  432s  (eta 5529s)
== phase run: the n=5 L=8 rung ==
   K = 3865 orbits; grid [0.46]
   [block p=0.46] RESUMED at chunk 602/8295 (state 21:29:10)
      [block p=0.46] chunk 609/8295  86s  (eta 1085s)
      [block p=0.46] chunk 617/8295  165s  (eta 2051s)
      [block p=0.46] chunk 625/8295  252s  (eta 3092s)
      [block p=0.46] chunk 633/8295  343s  (eta 4148s)
      [block p=0.46] chunk 641/8295  437s  (eta 5213s)
== phase run: the n=5 L=8 rung ==
   K = 3865 orbits; grid [0.46]
   [block p=0.46] RESUMED at chunk 642/8295 (state 21:37:58)
      [block p=0.46] chunk 649/8295  99s  (eta 1161s)
      [block p=0.46] chunk 657/8295  210s  (eta 2446s)
      [block p=0.46] chunk 665/8295  324s  (eta 3714s)
      [block p=0.46] chunk 673/8295  425s  (eta 4818s)
== phase run: the n=5 L=8 rung ==
   K = 3865 orbits; grid [0.46]
   [block p=0.46] RESUMED at chunk 674/8295 (state 21:49:03)
      [block p=0.46] chunk 681/8295  96s  (eta 1073s)
      [block p=0.46] chunk 689/8295  189s  (eta 2082s)
      [block p=0.46] chunk 697/8295  294s  (eta 3200s)
      [block p=0.46] chunk 705/8295  397s  (eta 4274s)
      [block p=0.46] chunk 713/8295  504s  (eta 5359s)
== phase run: the n=5 L=8 rung ==
   K = 3865 orbits; grid [0.46]
   [block p=0.46] RESUMED at chunk 714/8295 (state 21:59:06)
      [block p=0.46] chunk 721/8295  89s  (eta 934s)
      [block p=0.46] chunk 729/8295  184s  (eta 1911s)
      [block p=0.46] chunk 737/8295  291s  (eta 2989s)
      [block p=0.46] chunk 745/8295  399s  (eta 4039s)
      [block p=0.46] chunk 753/8295  504s  (eta 5046s)
== phase run: the n=5 L=8 rung ==
   K = 3865 orbits; grid [0.46]
   [block p=0.46] RESUMED at chunk 754/8295 (state 22:23:09)
      [block p=0.46] chunk 761/8295  83s  (eta 819s)
      [block p=0.46] chunk 769/8295  167s  (eta 1636s)
      [block p=0.46] chunk 777/8295  247s  (eta 2392s)
      [block p=0.46] chunk 785/8295  336s  (eta 3215s)
      [block p=0.46] chunk 793/8295  439s  (eta 4153s)
== phase run: the n=5 L=8 rung ==
   K = 3865 orbits; grid [0.46]
   [block p=0.46] RESUMED at chunk 794/8295 (state 22:30:48)
      [block p=0.46] chunk 801/8295  92s  (eta 863s)
      [block p=0.46] chunk 809/8295  194s  (eta 1797s)
      [block p=0.46] chunk 817/8295  278s  (eta 2547s)
      [block p=0.46] chunk 825/8295  373s  (eta 3373s)
      [block p=0.46] chunk 833/8295  472s  (eta 4226s)
== phase run: the n=5 L=8 rung ==
   K = 3865 orbits; grid [0.46]
      [block p=0.46] chunk 1/8295  13s  (eta 107430s)
      [block p=0.46] chunk 9/8295  99s  (eta 91421s)
      [block p=0.46] chunk 17/8295  186s  (eta 90669s)
      [block p=0.46] chunk 25/8295  278s  (eta 92046s)
      [block p=0.46] chunk 33/8295  368s  (eta 92226s)
      [block p=0.46] chunk 41/8295  462s  (eta 92961s)
== phase run: the n=5 L=8 rung ==
   K = 3865 orbits; grid [0.46]
   [block p=0.46] RESUMED at chunk 42/8295 (state 09:54:40)
      [block p=0.46] chunk 49/8295  88s  (eta 14880s)
      [block p=0.46] chunk 57/8295  184s  (eta 26568s)
      [block p=0.46] chunk 65/8295  276s  (eta 34957s)
      [block p=0.46] chunk 73/8295  373s  (eta 42033s)
      [block p=0.46] chunk 81/8295  461s  (eta 46793s)
== phase run: the n=5 L=8 rung ==
   K = 3865 orbits; grid [0.46]
   [block p=0.46] RESUMED at chunk 82/8295 (state 10:03:25)
      [block p=0.46] chunk 89/8295  86s  (eta 7965s)
      [block p=0.46] chunk 97/8295  181s  (eta 15278s)
      [block p=0.46] chunk 105/8295  275s  (eta 21456s)
      [block p=0.46] chunk 113/8295  371s  (eta 26831s)
      [block p=0.46] chunk 121/8295  466s  (eta 31453s)
== phase run: the n=5 L=8 rung ==
   K = 3865 orbits; grid [0.46]
   [block p=0.46] RESUMED at chunk 122/8295 (state 10:12:49)
      [block p=0.46] chunk 129/8295  89s  (eta 5627s)
      [block p=0.46] chunk 137/8295  174s  (eta 10383s)
      [block p=0.46] chunk 145/8295  267s  (eta 15010s)
      [block p=0.46] chunk 153/8295  364s  (eta 19381s)
      [block p=0.46] chunk 161/8295  454s  (eta 22918s)
== phase run: the n=5 L=8 rung ==
   K = 3865 orbits; grid [0.46]
   [block p=0.46] RESUMED at chunk 162/8295 (state 10:23:38)
      [block p=0.46] chunk 169/8295  86s  (eta 4133s)
      [block p=0.46] chunk 177/8295  173s  (eta 7946s)
      [block p=0.46] chunk 185/8295  273s  (eta 11955s)
      [block p=0.46] chunk 193/8295  375s  (eta 15738s)
      [block p=0.46] chunk 201/8295  468s  (eta 18830s)
== phase run: the n=5 L=8 rung ==
   K = 3865 orbits; grid [0.46]
   [block p=0.46] RESUMED at chunk 202/8295 (state 10:32:37)
      [block p=0.46] chunk 209/8295  84s  (eta 3236s)
      [block p=0.46] chunk 217/8295  172s  (eta 6389s)
      [block p=0.46] chunk 225/8295  256s  (eta 9179s)
      [block p=0.46] chunk 233/8295  352s  (eta 12173s)
      [block p=0.46] chunk 241/8295  440s  (eta 14709s)
== phase run: the n=5 L=8 rung ==
   K = 3865 orbits; grid [0.46]
   [block p=0.46] RESUMED at chunk 242/8295 (state 10:40:53)
      [block p=0.46] chunk 249/8295  85s  (eta 2739s)
      [block p=0.46] chunk 257/8295  176s  (eta 5504s)
      [block p=0.46] chunk 265/8295  264s  (eta 7993s)
      [block p=0.46] chunk 273/8295  355s  (eta 10425s)
      [block p=0.46] chunk 281/8295  442s  (eta 12618s)
== phase run: the n=5 L=8 rung ==
   K = 3865 orbits; grid [0.46]
   [block p=0.46] RESUMED at chunk 282/8295 (state 10:56:05)
      [block p=0.46] chunk 289/8295  90s  (eta 2490s)
      [block p=0.46] chunk 297/8295  189s  (eta 5086s)
      [block p=0.46] chunk 305/8295  286s  (eta 7493s)
      [block p=0.46] chunk 313/8295  375s  (eta 9553s)
      [block p=0.46] chunk 321/8295  473s  (eta 11754s)
== phase run: the n=5 L=8 rung ==
   K = 3865 orbits; grid [0.46]
   [block p=0.46] RESUMED at chunk 322/8295 (state 11:05:23)
      [block p=0.46] chunk 329/8295  96s  (eta 2332s)
      [block p=0.46] chunk 337/8295  198s  (eta 4673s)
      [block p=0.46] chunk 345/8295  289s  (eta 6652s)
      [block p=0.46] chunk 353/8295  378s  (eta 8501s)
      [block p=0.46] chunk 361/8295  470s  (eta 10337s)
== phase run: the n=5 L=8 rung ==
   K = 3865 orbits; grid [0.46]
   [block p=0.46] RESUMED at chunk 362/8295 (state 11:14:05)
      [block p=0.46] chunk 369/8295  87s  (eta 1877s)
      [block p=0.46] chunk 377/8295  184s  (eta 3863s)
      [block p=0.46] chunk 385/8295  270s  (eta 5554s)
      [block p=0.46] chunk 393/8295  367s  (eta 7381s)
      [block p=0.46] chunk 401/8295  459s  (eta 9028s)
== phase run: the n=5 L=8 rung ==
   K = 3865 orbits; grid [0.46]
   [block p=0.46] RESUMED at chunk 402/8295 (state 11:24:42)
      [block p=0.46] chunk 409/8295  94s  (eta 1812s)
      [block p=0.46] chunk 417/8295  184s  (eta 3473s)
      [block p=0.46] chunk 425/8295  266s  (eta 4925s)
      [block p=0.46] chunk 433/8295  358s  (eta 6506s)
      [block p=0.46] chunk 441/8295  449s  (eta 7992s)
== phase run: the n=5 L=8 rung ==
   K = 3865 orbits; grid [0.46]
   [block p=0.46] RESUMED at chunk 442/8295 (state 11:33:19)
      [block p=0.46] chunk 449/8295  92s  (eta 1609s)
      [block p=0.46] chunk 457/8295  182s  (eta 3129s)
      [block p=0.46] chunk 465/8295  277s  (eta 4666s)
      [block p=0.46] chunk 473/8295  368s  (eta 6091s)
      [block p=0.46] chunk 481/8295  460s  (eta 7479s)
== phase run: the n=5 L=8 rung ==
   K = 3865 orbits; grid [0.46]
   [block p=0.46] RESUMED at chunk 482/8295 (state 11:42:14)
      [block p=0.46] chunk 489/8295  86s  (eta 1373s)
      [block p=0.46] chunk 497/8295  173s  (eta 2721s)
      [block p=0.46] chunk 505/8295  269s  (eta 4152s)
      [block p=0.46] chunk 513/8295  365s  (eta 5536s)
      [block p=0.46] chunk 521/8295  453s  (eta 6758s)
== phase run: the n=5 L=8 rung ==
   K = 3865 orbits; grid [0.46]
   [block p=0.46] RESUMED at chunk 522/8295 (state 11:51:51)
      [block p=0.46] chunk 529/8295  84s  (eta 1234s)
      [block p=0.46] chunk 537/8295  172s  (eta 2489s)
      [block p=0.46] chunk 545/8295  268s  (eta 3813s)
      [block p=0.46] chunk 553/8295  364s  (eta 5101s)
      [block p=0.46] chunk 561/8295  452s  (eta 6229s)
== phase run: the n=5 L=8 rung ==
   K = 3865 orbits; grid [0.46]
   [block p=0.46] RESUMED at chunk 562/8295 (state 12:00:37)
      [block p=0.46] chunk 569/8295  87s  (eta 1185s)
      [block p=0.46] chunk 577/8295  174s  (eta 2321s)
      [block p=0.46] chunk 585/8295  262s  (eta 3448s)
      [block p=0.46] chunk 593/8295  349s  (eta 4527s)
      [block p=0.46] chunk 601/8295  438s  (eta 5606s)
== phase run: the n=5 L=8 rung ==
   K = 3865 orbits; grid [0.46]
   [block p=0.46] RESUMED at chunk 602/8295 (state 12:09:10)
      [block p=0.46] chunk 609/8295  100s  (eta 1263s)
      [block p=0.46] chunk 617/8295  195s  (eta 2431s)
      [block p=0.46] chunk 625/8295  286s  (eta 3513s)
      [block p=0.46] chunk 633/8295  381s  (eta 4610s)
      [block p=0.46] chunk 641/8295  475s  (eta 5676s)
== phase run: the n=5 L=8 rung ==
   K = 3865 orbits; grid [0.46]
   [block p=0.46] RESUMED at chunk 642/8295 (state 12:21:17)
      [block p=0.46] chunk 649/8295  85s  (eta 1002s)
      [block p=0.46] chunk 657/8295  170s  (eta 1974s)
      [block p=0.46] chunk 665/8295  269s  (eta 3084s)
      [block p=0.46] chunk 673/8295  370s  (eta 4192s)
      [block p=0.46] chunk 681/8295  458s  (eta 5120s)
== phase run: the n=5 L=8 rung ==
   K = 3865 orbits; grid [0.46]
   [block p=0.46] RESUMED at chunk 682/8295 (state 12:29:49)
      [block p=0.46] chunk 689/8295  93s  (eta 1022s)
      [block p=0.46] chunk 697/8295  184s  (eta 2004s)
      [block p=0.46] chunk 705/8295  284s  (eta 3058s)
      [block p=0.46] chunk 713/8295  385s  (eta 4095s)
      [block p=0.46] chunk 721/8295  478s  (eta 5019s)
== phase run: the n=5 L=8 rung ==
   K = 3865 orbits; grid [0.46]
   [block p=0.46] RESUMED at chunk 722/8295 (state 12:38:52)
      [block p=0.46] chunk 729/8295  87s  (eta 902s)
      [block p=0.46] chunk 737/8295  178s  (eta 1826s)
      [block p=0.46] chunk 745/8295  267s  (eta 2710s)
      [block p=0.46] chunk 753/8295  366s  (eta 3667s)
      [block p=0.46] chunk 761/8295  465s  (eta 4607s)
== phase run: the n=5 L=8 rung ==
   K = 3865 orbits; grid [0.46]
   [block p=0.46] RESUMED at chunk 762/8295 (state 12:51:12)
      [block p=0.46] chunk 769/8295  87s  (eta 849s)
      [block p=0.46] chunk 777/8295  175s  (eta 1696s)
      [block p=0.46] chunk 785/8295  276s  (eta 2638s)
      [block p=0.46] chunk 793/8295  366s  (eta 3460s)
      [block p=0.46] chunk 801/8295  461s  (eta 4316s)
== phase run: the n=5 L=8 rung ==
   K = 3865 orbits; grid [0.46]
   [block p=0.46] RESUMED at chunk 802/8295 (state 12:59:52)
      [block p=0.46] chunk 809/8295  84s  (eta 779s)
      [block p=0.46] chunk 817/8295  171s  (eta 1561s)
      [block p=0.46] chunk 825/8295  267s  (eta 2421s)
      [block p=0.46] chunk 833/8295  359s  (eta 3217s)
      [block p=0.46] chunk 841/8295  443s  (eta 3927s)
== phase run: the n=5 L=8 rung ==
   K = 3865 orbits; grid [0.46]
   [block p=0.46] RESUMED at chunk 842/8295 (state 13:08:17)
      [block p=0.46] chunk 849/8295  92s  (eta 807s)
      [block p=0.46] chunk 857/8295  188s  (eta 1634s)
      [block p=0.46] chunk 865/8295  285s  (eta 2450s)
      [block p=0.46] chunk 873/8295  391s  (eta 3320s)
      [block p=0.46] chunk 881/8295  490s  (eta 4120s)
== phase run: the n=5 L=8 rung ==
   K = 3865 orbits; grid [0.46]
   [block p=0.46] RESUMED at chunk 882/8295 (state 13:21:29)
      [block p=0.46] chunk 889/8295  92s  (eta 769s)
      [block p=0.46] chunk 897/8295  192s  (eta 1580s)
      [block p=0.46] chunk 905/8295  277s  (eta 2263s)
      [block p=0.46] chunk 913/8295  369s  (eta 2985s)
      [block p=0.46] chunk 921/8295  466s  (eta 3732s)
== phase run: the n=5 L=8 rung ==
   K = 3865 orbits; grid [0.46]
   [block p=0.46] RESUMED at chunk 922/8295 (state 13:29:56)
      [block p=0.46] chunk 929/8295  99s  (eta 782s)
      [block p=0.46] chunk 937/8295  199s  (eta 1562s)
      [block p=0.46] chunk 945/8295  290s  (eta 2253s)
      [block p=0.46] chunk 953/8295  378s  (eta 2911s)
      [block p=0.46] chunk 961/8295  479s  (eta 3656s)
== phase run: the n=5 L=8 rung ==
   K = 3865 orbits; grid [0.46]
   [block p=0.46] RESUMED at chunk 962/8295 (state 13:39:02)
      [block p=0.46] chunk 969/8295  92s  (eta 693s)
      [block p=0.46] chunk 977/8295  198s  (eta 1483s)
      [block p=0.46] chunk 985/8295  295s  (eta 2188s)
      [block p=0.46] chunk 993/8295  390s  (eta 2866s)
      [block p=0.46] chunk 1001/8295  484s  (eta 3529s)
== phase run: the n=5 L=8 rung ==
   K = 3865 orbits; grid [0.46]
   [block p=0.46] RESUMED at chunk 1002/8295 (state 13:51:29)
      [block p=0.46] chunk 1009/8295  89s  (eta 642s)
      [block p=0.46] chunk 1017/8295  185s  (eta 1321s)
      [block p=0.46] chunk 1025/8295  271s  (eta 1920s)
      [block p=0.46] chunk 1033/8295  366s  (eta 2575s)
      [block p=0.46] chunk 1041/8295  455s  (eta 3169s)
== phase run: the n=5 L=8 rung ==
   K = 3865 orbits; grid [0.46]
   [block p=0.46] RESUMED at chunk 1042/8295 (state 13:59:45)
      [block p=0.46] chunk 1049/8295  90s  (eta 625s)
      [block p=0.46] chunk 1057/8295  183s  (eta 1253s)
      [block p=0.46] chunk 1065/8295  271s  (eta 1837s)
      [block p=0.46] chunk 1073/8295  366s  (eta 2461s)
      [block p=0.46] chunk 1081/8295  458s  (eta 3056s)
== phase run: the n=5 L=8 rung ==
   K = 3865 orbits; grid [0.46]
   [block p=0.46] RESUMED at chunk 1082/8295 (state 14:08:37)
      [block p=0.46] chunk 1089/8295  85s  (eta 559s)
      [block p=0.46] chunk 1097/8295  175s  (eta 1146s)
      [block p=0.46] chunk 1105/8295  262s  (eta 1708s)
      [block p=0.46] chunk 1113/8295  349s  (eta 2251s)
      [block p=0.46] chunk 1121/8295  439s  (eta 2812s)
== phase run: the n=5 L=8 rung ==
   K = 3865 orbits; grid [0.46]
   [block p=0.46] RESUMED at chunk 1122/8295 (state 14:20:44)
      [block p=0.46] chunk 1129/8295  88s  (eta 556s)
      [block p=0.46] chunk 1137/8295  179s  (eta 1130s)
      [block p=0.46] chunk 1145/8295  276s  (eta 1722s)
      [block p=0.46] chunk 1153/8295  371s  (eta 2300s)
      [block p=0.46] chunk 1161/8295  468s  (eta 2876s)
== phase run: the n=5 L=8 rung ==
   K = 3865 orbits; grid [0.46]
   [block p=0.46] RESUMED at chunk 1162/8295 (state 14:29:57)
      [block p=0.46] chunk 1169/8295  85s  (eta 519s)
      [block p=0.46] chunk 1177/8295  173s  (eta 1045s)
      [block p=0.46] chunk 1185/8295  272s  (eta 1629s)
      [block p=0.46] chunk 1193/8295  365s  (eta 2172s)
      [block p=0.46] chunk 1201/8295  457s  (eta 2699s)
== phase run: the n=5 L=8 rung ==
   K = 3865 orbits; grid [0.46]
   [block p=0.46] RESUMED at chunk 1202/8295 (state 14:38:32)
      [block p=0.46] chunk 1209/8295  97s  (eta 567s)
      [block p=0.46] chunk 1217/8295  194s  (eta 1128s)
      [block p=0.46] chunk 1225/8295  288s  (eta 1663s)
      [block p=0.46] chunk 1233/8295  390s  (eta 2232s)
      [block p=0.46] chunk 1241/8295  485s  (eta 2757s)
== phase run: the n=5 L=8 rung ==
   K = 3865 orbits; grid [0.46]
   [block p=0.46] RESUMED at chunk 1242/8295 (state 14:51:34)
      [block p=0.46] chunk 1249/8295  85s  (eta 480s)
      [block p=0.46] chunk 1257/8295  179s  (eta 1004s)
      [block p=0.46] chunk 1265/8295  264s  (eta 1465s)
      [block p=0.46] chunk 1273/8295  352s  (eta 1941s)
      [block p=0.46] chunk 1281/8295  449s  (eta 2460s)
== phase run: the n=5 L=8 rung ==
   K = 3865 orbits; grid [0.46]
   [block p=0.46] RESUMED at chunk 1282/8295 (state 14:59:42)
      [block p=0.46] chunk 1289/8295  83s  (eta 449s)
      [block p=0.46] chunk 1297/8295  174s  (eta 938s)
      [block p=0.46] chunk 1305/8295  275s  (eta 1471s)
      [block p=0.46] chunk 1313/8295  370s  (eta 1965s)
      [block p=0.46] chunk 1321/8295  459s  (eta 2424s)
== phase run: the n=5 L=8 rung ==
   K = 3865 orbits; grid [0.46]
   [block p=0.46] RESUMED at chunk 1322/8295 (state 15:08:37)
      [block p=0.46] chunk 1329/8295  86s  (eta 449s)
      [block p=0.46] chunk 1337/8295  177s  (eta 920s)
      [block p=0.46] chunk 1345/8295  277s  (eta 1430s)
      [block p=0.46] chunk 1353/8295  380s  (eta 1948s)
      [block p=0.46] chunk 1361/8295  474s  (eta 2414s)
== phase run: the n=5 L=8 rung ==
   K = 3865 orbits; grid [0.46]
   [block p=0.46] RESUMED at chunk 1362/8295 (state 15:21:55)
      [block p=0.46] chunk 1369/8295  91s  (eta 459s)
      [block p=0.46] chunk 1377/8295  191s  (eta 961s)
      [block p=0.46] chunk 1385/8295  285s  (eta 1422s)
      [block p=0.46] chunk 1393/8295  375s  (eta 1858s)
      [block p=0.46] chunk 1401/8295  465s  (eta 2290s)
== phase run: the n=5 L=8 rung ==
   K = 3865 orbits; grid [0.46]
   [block p=0.46] RESUMED at chunk 1402/8295 (state 15:30:29)
      [block p=0.46] chunk 1409/8295  95s  (eta 463s)
      [block p=0.46] chunk 1417/8295  192s  (eta 930s)
      [block p=0.46] chunk 1425/8295  285s  (eta 1374s)
      [block p=0.46] chunk 1433/8295  388s  (eta 1857s)
      [block p=0.46] chunk 1441/8295  479s  (eta 2278s)
== phase run: the n=5 L=8 rung ==
   K = 3865 orbits; grid [0.46]
   [block p=0.46] RESUMED at chunk 1442/8295 (state 15:39:26)
      [block p=0.46] chunk 1449/8295  94s  (eta 443s)
      [block p=0.46] chunk 1457/8295  186s  (eta 875s)
      [block p=0.46] chunk 1465/8295  279s  (eta 1300s)
      [block p=0.46] chunk 1473/8295  374s  (eta 1733s)
      [block p=0.46] chunk 1481/8295  467s  (eta 2146s)
== phase run: the n=5 L=8 rung ==
   K = 3865 orbits; grid [0.46]
   [block p=0.46] RESUMED at chunk 1482/8295 (state 15:51:02)
      [block p=0.46] chunk 1489/8295  89s  (eta 409s)
      [block p=0.46] chunk 1497/8295  190s  (eta 862s)
      [block p=0.46] chunk 1505/8295  283s  (eta 1277s)
      [block p=0.46] chunk 1513/8295  375s  (eta 1683s)
      [block p=0.46] chunk 1521/8295  465s  (eta 2070s)
== phase run: the n=5 L=8 rung ==
   K = 3865 orbits; grid [0.46]
   [block p=0.46] RESUMED at chunk 1522/8295 (state 15:59:45)
      [block p=0.46] chunk 1529/8295  85s  (eta 377s)
      [block p=0.46] chunk 1537/8295  174s  (eta 763s)
      [block p=0.46] chunk 1545/8295  273s  (eta 1194s)
      [block p=0.46] chunk 1553/8295  375s  (eta 1627s)
      [block p=0.46] chunk 1561/8295  467s  (eta 2013s)
== phase run: the n=5 L=8 rung ==
   K = 3865 orbits; grid [0.46]
   [block p=0.46] RESUMED at chunk 1562/8295 (state 16:08:31)
      [block p=0.46] chunk 1569/8295  92s  (eta 395s)
      [block p=0.46] chunk 1577/8295  182s  (eta 775s)
      [block p=0.46] chunk 1585/8295  269s  (eta 1140s)
      [block p=0.46] chunk 1593/8295  362s  (eta 1524s)
      [block p=0.46] chunk 1601/8295  452s  (eta 1892s)
== phase run: the n=5 L=8 rung ==
   K = 3865 orbits; grid [0.46]
   [block p=0.46] RESUMED at chunk 1602/8295 (state 16:20:50)
      [block p=0.46] chunk 1609/8295  86s  (eta 358s)
      [block p=0.46] chunk 1617/8295  174s  (eta 720s)
      [block p=0.46] chunk 1625/8295  267s  (eta 1094s)
      [block p=0.46] chunk 1633/8295  367s  (eta 1497s)
      [block p=0.46] chunk 1641/8295  465s  (eta 1886s)
== phase run: the n=5 L=8 rung ==
   K = 3865 orbits; grid [0.46]
   [block p=0.46] RESUMED at chunk 1642/8295 (state 16:29:47)
      [block p=0.46] chunk 1649/8295  94s  (eta 380s)
      [block p=0.46] chunk 1657/8295  189s  (eta 755s)
      [block p=0.46] chunk 1665/8295  280s  (eta 1116s)
      [block p=0.46] chunk 1673/8295  378s  (eta 1494s)
      [block p=0.46] chunk 1681/8295  469s  (eta 1844s)
== phase run: the n=5 L=8 rung ==
   K = 3865 orbits; grid [0.46]
   [block p=0.46] RESUMED at chunk 1682/8295 (state 16:38:39)
      [block p=0.46] chunk 1689/8295  95s  (eta 370s)
      [block p=0.46] chunk 1697/8295  195s  (eta 758s)
      [block p=0.46] chunk 1705/8295  293s  (eta 1132s)
      [block p=0.46] chunk 1713/8295  390s  (eta 1500s)
      [block p=0.46] chunk 1721/8295  487s  (eta 1860s)
== phase run: the n=5 L=8 rung ==
   K = 3865 orbits; grid [0.46]
   [block p=0.46] RESUMED at chunk 1722/8295 (state 17:21:30)
      [block p=0.46] chunk 1729/8295  90s  (eta 340s)
      [block p=0.46] chunk 1737/8295  188s  (eta 708s)
      [block p=0.46] chunk 1745/8295  277s  (eta 1038s)
      [block p=0.46] chunk 1753/8295  373s  (eta 1393s)
      [block p=0.46] chunk 1761/8295  467s  (eta 1732s)
== phase run: the n=5 L=8 rung ==
   K = 3865 orbits; grid [0.46]
   [block p=0.46] RESUMED at chunk 1762/8295 (state 17:29:54)
      [block p=0.46] chunk 1769/8295  83s  (eta 308s)
      [block p=0.46] chunk 1777/8295  172s  (eta 630s)
      [block p=0.46] chunk 1785/8295  268s  (eta 976s)
      [block p=0.46] chunk 1793/8295  361s  (eta 1309s)
      [block p=0.46] chunk 1801/8295  456s  (eta 1644s)
== phase run: the n=5 L=8 rung ==
   K = 3865 orbits; grid [0.46]
   [block p=0.46] RESUMED at chunk 1802/8295 (state 17:38:28)
      [block p=0.46] chunk 1809/8295  86s  (eta 309s)
      [block p=0.46] chunk 1817/8295  179s  (eta 639s)
      [block p=0.46] chunk 1825/8295  282s  (eta 1000s)
      [block p=0.46] chunk 1833/8295  377s  (eta 1328s)
      [block p=0.46] chunk 1841/8295  481s  (eta 1685s)
== phase run: the n=5 L=8 rung ==
   K = 3865 orbits; grid [0.46]
   [block p=0.46] RESUMED at chunk 1842/8295 (state 17:51:23)
      [block p=0.46] chunk 1849/8295  85s  (eta 296s)
      [block p=0.46] chunk 1857/8295  172s  (eta 596s)
      [block p=0.46] chunk 1865/8295  273s  (eta 942s)
      [block p=0.46] chunk 1873/8295  372s  (eta 1276s)
      [block p=0.46] chunk 1881/8295  461s  (eta 1573s)
== phase run: the n=5 L=8 rung ==
   K = 3865 orbits; grid [0.46]
   [block p=0.46] RESUMED at chunk 1882/8295 (state 17:59:50)
      [block p=0.46] chunk 1889/8295  84s  (eta 285s)
      [block p=0.46] chunk 1897/8295  175s  (eta 591s)
      [block p=0.46] chunk 1905/8295  273s  (eta 915s)
      [block p=0.46] chunk 1913/8295  364s  (eta 1213s)
      [block p=0.46] chunk 1921/8295  461s  (eta 1529s)
== phase run: the n=5 L=8 rung ==
   K = 3865 orbits; grid [0.46]
   [block p=0.46] RESUMED at chunk 1922/8295 (state 18:08:36)
      [block p=0.46] chunk 1929/8295  89s  (eta 295s)
      [block p=0.46] chunk 1937/8295  187s  (eta 612s)
      [block p=0.46] chunk 1945/8295  277s  (eta 905s)
      [block p=0.46] chunk 1953/8295  373s  (eta 1210s)
      [block p=0.46] chunk 1961/8295  468s  (eta 1511s)
== phase run: the n=5 L=8 rung ==
   K = 3865 orbits; grid [0.46]
   [block p=0.46] RESUMED at chunk 1962/8295 (state 18:21:05)
      [block p=0.46] chunk 1969/8295  83s  (eta 268s)
      [block p=0.46] chunk 1977/8295  171s  (eta 546s)
      [block p=0.46] chunk 1985/8295  269s  (eta 855s)
      [block p=0.46] chunk 1993/8295  364s  (eta 1151s)
      [block p=0.46] chunk 2001/8295  457s  (eta 1438s)
== phase run: the n=5 L=8 rung ==
   K = 3865 orbits; grid [0.46]
   [block p=0.46] RESUMED at chunk 2002/8295 (state 18:29:38)
      [block p=0.46] chunk 2009/8295  97s  (eta 305s)
      [block p=0.46] chunk 2017/8295  190s  (eta 592s)
      [block p=0.46] chunk 2025/8295  283s  (eta 877s)
      [block p=0.46] chunk 2033/8295  376s  (eta 1157s)
      [block p=0.46] chunk 2041/8295  466s  (eta 1429s)
== phase run: the n=5 L=8 rung ==
   K = 3865 orbits; grid [0.46]
   [block p=0.46] RESUMED at chunk 2042/8295 (state 18:38:34)
      [block p=0.46] chunk 2049/8295  88s  (eta 267s)
      [block p=0.46] chunk 2057/8295  181s  (eta 548s)
      [block p=0.46] chunk 2065/8295  265s  (eta 800s)
      [block p=0.46] chunk 2073/8295  360s  (eta 1080s)
      [block p=0.46] chunk 2081/8295  459s  (eta 1370s)
== phase run: the n=5 L=8 rung ==
   K = 3865 orbits; grid [0.46]
   [block p=0.46] RESUMED at chunk 2082/8295 (state 18:51:01)
      [block p=0.46] chunk 2089/8295  86s  (eta 257s)
      [block p=0.46] chunk 2097/8295  175s  (eta 518s)
      [block p=0.46] chunk 2105/8295  268s  (eta 787s)
      [block p=0.46] chunk 2113/8295  371s  (eta 1086s)
      [block p=0.46] chunk 2121/8295  465s  (eta 1353s)
== phase run: the n=5 L=8 rung ==
   K = 3865 orbits; grid [0.46]
   [block p=0.46] RESUMED at chunk 2122/8295 (state 18:59:52)
      [block p=0.46] chunk 2129/8295  85s  (eta 247s)
      [block p=0.46] chunk 2137/8295  179s  (eta 516s)
      [block p=0.46] chunk 2145/8295  272s  (eta 780s)
      [block p=0.46] chunk 2153/8295  370s  (eta 1055s)
      [block p=0.46] chunk 2161/8295  461s  (eta 1308s)
== phase run: the n=5 L=8 rung ==
   K = 3865 orbits; grid [0.46]
   [block p=0.46] RESUMED at chunk 2162/8295 (state 19:08:38)
      [block p=0.46] chunk 2169/8295  84s  (eta 238s)
      [block p=0.46] chunk 2177/8295  177s  (eta 499s)
      [block p=0.46] chunk 2185/8295  275s  (eta 769s)
      [block p=0.46] chunk 2193/8295  368s  (eta 1023s)
      [block p=0.46] chunk 2201/8295  461s  (eta 1276s)
== phase run: the n=5 L=8 rung ==
   K = 3865 orbits; grid [0.46]
   [block p=0.46] RESUMED at chunk 2202/8295 (state 19:21:04)
      [block p=0.46] chunk 2209/8295  85s  (eta 235s)
      [block p=0.46] chunk 2217/8295  176s  (eta 483s)
      [block p=0.46] chunk 2225/8295  270s  (eta 737s)
      [block p=0.46] chunk 2233/8295  368s  (eta 999s)
      [block p=0.46] chunk 2241/8295  455s  (eta 1230s)
== phase run: the n=5 L=8 rung ==
   K = 3865 orbits; grid [0.46]
   [block p=0.46] RESUMED at chunk 2242/8295 (state 19:29:49)
      [block p=0.46] chunk 2249/8295  82s  (eta 221s)
      [block p=0.46] chunk 2257/8295  178s  (eta 477s)
      [block p=0.46] chunk 2265/8295  262s  (eta 699s)
      [block p=0.46] chunk 2273/8295  359s  (eta 950s)
      [block p=0.46] chunk 2281/8295  452s  (eta 1191s)
== phase run: the n=5 L=8 rung ==
   K = 3865 orbits; grid [0.46]
   [block p=0.46] RESUMED at chunk 2282/8295 (state 19:38:31)
      [block p=0.46] chunk 2289/8295  95s  (eta 250s)
      [block p=0.46] chunk 2297/8295  193s  (eta 503s)
      [block p=0.46] chunk 2305/8295  275s  (eta 714s)
      [block p=0.46] chunk 2313/8295  365s  (eta 943s)
      [block p=0.46] chunk 2321/8295  459s  (eta 1181s)
== phase run: the n=5 L=8 rung ==
   K = 3865 orbits; grid [0.46]
   [block p=0.46] RESUMED at chunk 2322/8295 (state 19:51:03)
      [block p=0.46] chunk 2329/8295  96s  (eta 247s)
      [block p=0.46] chunk 2337/8295  187s  (eta 476s)
      [block p=0.46] chunk 2345/8295  280s  (eta 710s)
      [block p=0.46] chunk 2353/8295  369s  (eta 932s)
      [block p=0.46] chunk 2361/8295  456s  (eta 1147s)
== phase run: the n=5 L=8 rung ==
   K = 3865 orbits; grid [0.46]
   [block p=0.46] RESUMED at chunk 2362/8295 (state 19:59:48)
      [block p=0.46] chunk 2369/8295  85s  (eta 214s)
      [block p=0.46] chunk 2377/8295  173s  (eta 432s)
      [block p=0.46] chunk 2385/8295  266s  (eta 660s)
      [block p=0.46] chunk 2393/8295  359s  (eta 886s)
      [block p=0.46] chunk 2401/8295  444s  (eta 1091s)
== phase run: the n=5 L=8 rung ==
   K = 3865 orbits; grid [0.46]
   [block p=0.46] RESUMED at chunk 2402/8295 (state 20:08:24)
      [block p=0.46] chunk 2409/8295  92s  (eta 224s)
      [block p=0.46] chunk 2417/8295  186s  (eta 453s)
      [block p=0.46] chunk 2425/8295  286s  (eta 692s)
      [block p=0.46] chunk 2433/8295  383s  (eta 924s)
      [block p=0.46] chunk 2441/8295  477s  (eta 1145s)
== phase run: the n=5 L=8 rung ==
   K = 3865 orbits; grid [0.46]
   [block p=0.46] RESUMED at chunk 2442/8295 (state 20:21:17)
      [block p=0.46] chunk 2449/8295  93s  (eta 222s)
      [block p=0.46] chunk 2457/8295  192s  (eta 457s)
      [block p=0.46] chunk 2465/8295  290s  (eta 686s)
      [block p=0.46] chunk 2473/8295  386s  (eta 908s)
      [block p=0.46] chunk 2481/8295  486s  (eta 1140s)
== phase run: the n=5 L=8 rung ==
   K = 3865 orbits; grid [0.46]
   [block p=0.46] RESUMED at chunk 2482/8295 (state 20:30:12)
      [block p=0.46] chunk 2489/8295  86s  (eta 199s)
      [block p=0.46] chunk 2497/8295  178s  (eta 413s)
      [block p=0.46] chunk 2505/8295  271s  (eta 626s)
      [block p=0.46] chunk 2513/8295  360s  (eta 828s)
      [block p=0.46] chunk 2521/8295  454s  (eta 1040s)
== phase run: the n=5 L=8 rung ==
   K = 3865 orbits; grid [0.46]
   [block p=0.46] RESUMED at chunk 2522/8295 (state 20:38:24)
      [block p=0.46] chunk 2529/8295  85s  (eta 195s)
      [block p=0.46] chunk 2537/8295  180s  (eta 408s)
      [block p=0.46] chunk 2545/8295  274s  (eta 619s)
      [block p=0.46] chunk 2553/8295  365s  (eta 821s)
      [block p=0.46] chunk 2561/8295  452s  (eta 1013s)
== phase run: the n=5 L=8 rung ==
   K = 3865 orbits; grid [0.46]
   [block p=0.46] RESUMED at chunk 2562/8295 (state 20:52:51)
      [block p=0.46] chunk 2569/8295  89s  (eta 198s)
      [block p=0.46] chunk 2577/8295  181s  (eta 401s)
      [block p=0.46] chunk 2585/8295  266s  (eta 587s)
      [block p=0.46] chunk 2593/8295  359s  (eta 790s)
      [block p=0.46] chunk 2601/8295  450s  (eta 984s)
== phase run: the n=5 L=8 rung ==
   K = 3865 orbits; grid [0.46]
   [block p=0.46] RESUMED at chunk 2602/8295 (state 21:01:35)
      [block p=0.46] chunk 2609/8295  88s  (eta 192s)
      [block p=0.46] chunk 2617/8295  172s  (eta 372s)
      [block p=0.46] chunk 2625/8295  264s  (eta 570s)
      [block p=0.46] chunk 2633/8295  363s  (eta 782s)
      [block p=0.46] chunk 2641/8295  455s  (eta 973s)
== phase run: the n=5 L=8 rung ==
   K = 3865 orbits; grid [0.46]
   [block p=0.46] RESUMED at chunk 2642/8295 (state 21:10:28)
      [block p=0.46] chunk 2649/8295  93s  (eta 199s)
      [block p=0.46] chunk 2657/8295  188s  (eta 400s)
      [block p=0.46] chunk 2665/8295  282s  (eta 595s)
      [block p=0.46] chunk 2673/8295  378s  (eta 796s)
      [block p=0.46] chunk 2681/8295  472s  (eta 989s)
== phase run: the n=5 L=8 rung ==
   K = 3865 orbits; grid [0.46]
   [block p=0.46] RESUMED at chunk 2682/8295 (state 21:21:22)
      [block p=0.46] chunk 2689/8295  98s  (eta 204s)
      [block p=0.46] chunk 2697/8295  200s  (eta 416s)
      [block p=0.46] chunk 2705/8295  296s  (eta 612s)
      [block p=0.46] chunk 2713/8295  387s  (eta 797s)
      [block p=0.46] chunk 2721/8295  487s  (eta 999s)
== phase run: the n=5 L=8 rung ==
   K = 3865 orbits; grid [0.46]
   [block p=0.46] RESUMED at chunk 2722/8295 (state 21:30:20)
      [block p=0.46] chunk 2729/8295  89s  (eta 181s)
      [block p=0.46] chunk 2737/8295  180s  (eta 365s)
      [block p=0.46] chunk 2745/8295  275s  (eta 555s)
      [block p=0.46] chunk 2753/8295  370s  (eta 745s)
      [block p=0.46] chunk 2761/8295  473s  (eta 948s)
== phase run: the n=5 L=8 rung ==
   K = 3865 orbits; grid [0.46]
   [block p=0.46] RESUMED at chunk 2762/8295 (state 21:38:55)
      [block p=0.46] chunk 2769/8295  87s  (eta 173s)
      [block p=0.46] chunk 2777/8295  187s  (eta 371s)
      [block p=0.46] chunk 2785/8295  277s  (eta 549s)
      [block p=0.46] chunk 2793/8295  376s  (eta 740s)
      [block p=0.46] chunk 2801/8295  472s  (eta 925s)
== phase run: the n=5 L=8 rung ==
   K = 3865 orbits; grid [0.46]
   [block p=0.46] RESUMED at chunk 2802/8295 (state 21:53:09)
      [block p=0.46] chunk 2809/8295  94s  (eta 183s)
      [block p=0.46] chunk 2817/8295  186s  (eta 361s)
      [block p=0.46] chunk 2825/8295  279s  (eta 541s)
      [block p=0.46] chunk 2833/8295  376s  (eta 726s)
      [block p=0.46] chunk 2841/8295  475s  (eta 912s)
== phase run: the n=5 L=8 rung ==
   K = 3865 orbits; grid [0.46]
   [block p=0.46] RESUMED at chunk 2842/8295 (state 22:01:56)
      [block p=0.46] chunk 2849/8295  81s  (eta 155s)
      [block p=0.46] chunk 2857/8295  178s  (eta 338s)
      [block p=0.46] chunk 2865/8295  260s  (eta 492s)
      [block p=0.46] chunk 2873/8295  353s  (eta 666s)
      [block p=0.46] chunk 2881/8295  450s  (eta 845s)
== phase run: the n=5 L=8 rung ==
   K = 3865 orbits; grid [0.46]
   [block p=0.46] RESUMED at chunk 2882/8295 (state 22:10:14)
      [block p=0.46] chunk 2889/8295  93s  (eta 174s)
      [block p=0.46] chunk 2897/8295  191s  (eta 356s)
      [block p=0.46] chunk 2905/8295  279s  (eta 517s)
      [block p=0.46] chunk 2913/8295  373s  (eta 688s)
      [block p=0.46] chunk 2921/8295  463s  (eta 851s)
== phase run: the n=5 L=8 rung ==
   K = 3865 orbits; grid [0.46]
   [block p=0.46] RESUMED at chunk 2922/8295 (state 22:21:21)
      [block p=0.46] chunk 2929/8295  88s  (eta 162s)
      [block p=0.46] chunk 2937/8295  183s  (eta 334s)
      [block p=0.46] chunk 2945/8295  284s  (eta 515s)
      [block p=0.46] chunk 2953/8295  385s  (eta 697s)
      [block p=0.46] chunk 2961/8295  481s  (eta 867s)
== phase run: the n=5 L=8 rung ==
   K = 3865 orbits; grid [0.46]
   [block p=0.46] RESUMED at chunk 2962/8295 (state 22:30:22)
      [block p=0.46] chunk 2969/8295  90s  (eta 161s)
      [block p=0.46] chunk 2977/8295  172s  (eta 307s)
      [block p=0.46] chunk 2985/8295  264s  (eta 470s)
      [block p=0.46] chunk 2993/8295  351s  (eta 621s)
      [block p=0.46] chunk 3001/8295  442s  (eta 779s)
== phase run: the n=5 L=8 rung ==
   K = 3865 orbits; grid [0.46]
   [block p=0.46] RESUMED at chunk 3002/8295 (state 22:38:26)
      [block p=0.46] chunk 3009/8295  98s  (eta 173s)
      [block p=0.46] chunk 3017/8295  195s  (eta 341s)
      [block p=0.46] chunk 3025/8295  286s  (eta 498s)
      [block p=0.46] chunk 3033/8295  375s  (eta 650s)
      [block p=0.46] chunk 3041/8295  471s  (eta 814s)
== phase run: the n=5 L=8 rung ==
   K = 3865 orbits; grid [0.46]
   [block p=0.46] RESUMED at chunk 3042/8295 (state 22:51:13)
      [block p=0.46] chunk 3049/8295  85s  (eta 146s)
      [block p=0.46] chunk 3057/8295  176s  (eta 302s)
      [block p=0.46] chunk 3065/8295  270s  (eta 461s)
      [block p=0.46] chunk 3073/8295  368s  (eta 625s)
      [block p=0.46] chunk 3081/8295  460s  (eta 779s)
== phase run: the n=5 L=8 rung ==
   K = 3865 orbits; grid [0.46]
   [block p=0.46] RESUMED at chunk 3082/8295 (state 22:59:44)
      [block p=0.46] chunk 3089/8295  86s  (eta 144s)
      [block p=0.46] chunk 3097/8295  183s  (eta 307s)
      [block p=0.46] chunk 3105/8295  275s  (eta 460s)
      [block p=0.46] chunk 3113/8295  360s  (eta 600s)
      [block p=0.46] chunk 3121/8295  448s  (eta 743s)
== phase run: the n=5 L=8 rung ==
   K = 3865 orbits; grid [0.46]
   [block p=0.46] RESUMED at chunk 3122/8295 (state 23:08:17)
      [block p=0.46] chunk 3129/8295  90s  (eta 149s)
      [block p=0.46] chunk 3137/8295  183s  (eta 301s)
      [block p=0.46] chunk 3145/8295  274s  (eta 448s)
      [block p=0.46] chunk 3153/8295  374s  (eta 609s)
      [block p=0.46] chunk 3161/8295  471s  (eta 766s)
== phase run: the n=5 L=8 rung ==
   K = 3865 orbits; grid [0.46]
   [block p=0.46] RESUMED at chunk 3162/8295 (state 23:21:17)
      [block p=0.46] chunk 3169/8295  82s  (eta 132s)
      [block p=0.46] chunk 3177/8295  168s  (eta 271s)
      [block p=0.46] chunk 3185/8295  262s  (eta 421s)
      [block p=0.46] chunk 3193/8295  359s  (eta 574s)
      [block p=0.46] chunk 3201/8295  460s  (eta 733s)
== phase run: the n=5 L=8 rung ==
   K = 3865 orbits; grid [0.46]
   [block p=0.46] RESUMED at chunk 3202/8295 (state 23:29:49)
      [block p=0.46] chunk 3209/8295  90s  (eta 142s)
      [block p=0.46] chunk 3217/8295  183s  (eta 289s)
      [block p=0.46] chunk 3225/8295  280s  (eta 440s)
      [block p=0.46] chunk 3233/8295  369s  (eta 577s)
      [block p=0.46] chunk 3241/8295  459s  (eta 716s)
== phase run: the n=5 L=8 rung ==
   K = 3865 orbits; grid [0.46]
   [block p=0.46] RESUMED at chunk 3242/8295 (state 23:38:32)
      [block p=0.46] chunk 3249/8295  85s  (eta 132s)
      [block p=0.46] chunk 3257/8295  177s  (eta 274s)
      [block p=0.46] chunk 3265/8295  263s  (eta 405s)
      [block p=0.46] chunk 3273/8295  357s  (eta 547s)
      [block p=0.46] chunk 3281/8295  448s  (eta 685s)
== phase run: the n=5 L=8 rung ==
   K = 3865 orbits; grid [0.46]
   [block p=0.46] RESUMED at chunk 3282/8295 (state 23:50:54)
      [block p=0.46] chunk 3289/8295  80s  (eta 122s)
      [block p=0.46] chunk 3297/8295  166s  (eta 251s)
      [block p=0.46] chunk 3305/8295  263s  (eta 397s)
      [block p=0.46] chunk 3313/8295  360s  (eta 542s)
      [block p=0.46] chunk 3321/8295  451s  (eta 675s)
== phase run: the n=5 L=8 rung ==
   K = 3865 orbits; grid [0.46]
   [block p=0.46] RESUMED at chunk 3322/8295 (state 23:59:40)
      [block p=0.46] chunk 3329/8295  97s  (eta 145s)
      [block p=0.46] chunk 3337/8295  191s  (eta 284s)
      [block p=0.46] chunk 3345/8295  287s  (eta 425s)
      [block p=0.46] chunk 3353/8295  376s  (eta 554s)
      [block p=0.46] chunk 3361/8295  466s  (eta 684s)
== phase run: the n=5 L=8 rung ==
   K = 3865 orbits; grid [0.46]
   [block p=0.46] RESUMED at chunk 3362/8295 (state 00:08:38)
      [block p=0.46] chunk 3369/8295  89s  (eta 130s)
      [block p=0.46] chunk 3377/8295  178s  (eta 259s)
      [block p=0.46] chunk 3385/8295  270s  (eta 391s)
      [block p=0.46] chunk 3393/8295  361s  (eta 522s)
      [block p=0.46] chunk 3401/8295  454s  (eta 654s)
== phase run: the n=5 L=8 rung ==
   K = 3865 orbits; grid [0.46]
   [block p=0.46] RESUMED at chunk 3402/8295 (state 00:21:01)
      [block p=0.46] chunk 3409/8295  92s  (eta 131s)
      [block p=0.46] chunk 3417/8295  184s  (eta 263s)
      [block p=0.46] chunk 3425/8295  275s  (eta 391s)
      [block p=0.46] chunk 3433/8295  371s  (eta 525s)
      [block p=0.46] chunk 3441/8295  461s  (eta 651s)
== phase run: the n=5 L=8 rung ==
   K = 3865 orbits; grid [0.46]
   [block p=0.46] RESUMED at chunk 3442/8295 (state 00:29:52)
      [block p=0.46] chunk 3449/8295  80s  (eta 113s)
      [block p=0.46] chunk 3457/8295  170s  (eta 237s)
      [block p=0.46] chunk 3465/8295  257s  (eta 358s)
      [block p=0.46] chunk 3473/8295  352s  (eta 489s)
      [block p=0.46] chunk 3481/8295  439s  (eta 607s)
== phase run: the n=5 L=8 rung ==
   K = 3865 orbits; grid [0.46]
   [block p=0.46] RESUMED at chunk 3482/8295 (state 00:38:11)
      [block p=0.46] chunk 3489/8295  87s  (eta 120s)
      [block p=0.46] chunk 3497/8295  189s  (eta 259s)
      [block p=0.46] chunk 3505/8295  285s  (eta 389s)
      [block p=0.46] chunk 3513/8295  383s  (eta 521s)
      [block p=0.46] chunk 3521/8295  477s  (eta 647s)
== phase run: the n=5 L=8 rung ==
   K = 3865 orbits; grid [0.46]
   [block p=0.46] RESUMED at chunk 3522/8295 (state 00:51:27)
      [block p=0.46] chunk 3529/8295  81s  (eta 109s)
      [block p=0.46] chunk 3537/8295  177s  (eta 238s)
      [block p=0.46] chunk 3545/8295  265s  (eta 355s)
      [block p=0.46] chunk 3553/8295  358s  (eta 478s)
      [block p=0.46] chunk 3561/8295  449s  (eta 597s)
== phase run: the n=5 L=8 rung ==
   K = 3865 orbits; grid [0.46]
   [block p=0.46] RESUMED at chunk 3562/8295 (state 00:59:43)
      [block p=0.46] chunk 3569/8295  89s  (eta 117s)
      [block p=0.46] chunk 3577/8295  181s  (eta 239s)
      [block p=0.46] chunk 3585/8295  279s  (eta 367s)
      [block p=0.46] chunk 3593/8295  376s  (eta 492s)
      [block p=0.46] chunk 3601/8295  478s  (eta 623s)
== phase run: the n=5 L=8 rung ==
   K = 3865 orbits; grid [0.46]
   [block p=0.46] RESUMED at chunk 3602/8295 (state 01:09:01)
      [block p=0.46] chunk 3609/8295  89s  (eta 116s)
      [block p=0.46] chunk 3617/8295  185s  (eta 239s)
      [block p=0.46] chunk 3625/8295  277s  (eta 356s)
      [block p=0.46] chunk 3633/8295  372s  (eta 478s)
      [block p=0.46] chunk 3641/8295  466s  (eta 595s)
== phase run: the n=5 L=8 rung ==
   K = 3865 orbits; grid [0.46]
   [block p=0.46] RESUMED at chunk 3642/8295 (state 01:21:16)
      [block p=0.46] chunk 3649/8295  85s  (eta 108s)
      [block p=0.46] chunk 3657/8295  170s  (eta 215s)
      [block p=0.46] chunk 3665/8295  264s  (eta 334s)
      [block p=0.46] chunk 3673/8295  367s  (eta 461s)
      [block p=0.46] chunk 3681/8295  461s  (eta 578s)
== phase run: the n=5 L=8 rung ==
   K = 3865 orbits; grid [0.46]
   [block p=0.46] RESUMED at chunk 3682/8295 (state 01:29:54)
      [block p=0.46] chunk 3689/8295  83s  (eta 104s)
      [block p=0.46] chunk 3697/8295  167s  (eta 207s)
      [block p=0.46] chunk 3705/8295  259s  (eta 320s)
      [block p=0.46] chunk 3713/8295  351s  (eta 434s)
      [block p=0.46] chunk 3721/8295  441s  (eta 542s)
== phase run: the n=5 L=8 rung ==
   K = 3865 orbits; grid [0.46]
   [block p=0.46] RESUMED at chunk 3722/8295 (state 01:38:23)
      [block p=0.46] chunk 3729/8295  86s  (eta 105s)
      [block p=0.46] chunk 3737/8295  178s  (eta 217s)
      [block p=0.46] chunk 3745/8295  274s  (eta 333s)
      [block p=0.46] chunk 3753/8295  369s  (eta 446s)
      [block p=0.46] chunk 3761/8295  467s  (eta 563s)
== phase run: the n=5 L=8 rung ==
   K = 3865 orbits; grid [0.46]
   [block p=0.46] RESUMED at chunk 3762/8295 (state 01:51:29)
      [block p=0.46] chunk 3769/8295  89s  (eta 107s)
      [block p=0.46] chunk 3777/8295  179s  (eta 214s)
      [block p=0.46] chunk 3785/8295  271s  (eta 323s)
      [block p=0.46] chunk 3793/8295  367s  (eta 435s)
      [block p=0.46] chunk 3801/8295  455s  (eta 538s)
== phase run: the n=5 L=8 rung ==
   K = 3865 orbits; grid [0.46]
   [block p=0.46] RESUMED at chunk 3802/8295 (state 02:00:14)
      [block p=0.46] chunk 3809/8295  87s  (eta 102s)
      [block p=0.46] chunk 3817/8295  175s  (eta 205s)
      [block p=0.46] chunk 3825/8295  264s  (eta 309s)
      [block p=0.46] chunk 3833/8295  361s  (eta 420s)
      [block p=0.46] chunk 3841/8295  460s  (eta 533s)
== phase run: the n=5 L=8 rung ==
   K = 3865 orbits; grid [0.46]
   [block p=0.46] RESUMED at chunk 3842/8295 (state 02:09:02)
      [block p=0.46] chunk 3849/8295  97s  (eta 112s)
      [block p=0.46] chunk 3857/8295  195s  (eta 224s)
      [block p=0.46] chunk 3865/8295  287s  (eta 330s)
      [block p=0.46] chunk 3873/8295  381s  (eta 435s)
      [block p=0.46] chunk 3881/8295  475s  (eta 540s)
== phase run: the n=5 L=8 rung ==
   K = 3865 orbits; grid [0.46]
   [block p=0.46] RESUMED at chunk 3882/8295 (state 02:21:33)
      [block p=0.46] chunk 3889/8295  83s  (eta 94s)
      [block p=0.46] chunk 3897/8295  172s  (eta 194s)
      [block p=0.46] chunk 3905/8295  267s  (eta 300s)
      [block p=0.46] chunk 3913/8295  354s  (eta 396s)
      [block p=0.46] chunk 3921/8295  442s  (eta 493s)
== phase run: the n=5 L=8 rung ==
   K = 3865 orbits; grid [0.46]
   [block p=0.46] RESUMED at chunk 3922/8295 (state 02:29:46)
      [block p=0.46] chunk 3929/8295  87s  (eta 97s)
      [block p=0.46] chunk 3937/8295  178s  (eta 197s)
      [block p=0.46] chunk 3945/8295  273s  (eta 301s)
      [block p=0.46] chunk 3953/8295  371s  (eta 408s)
      [block p=0.46] chunk 3961/8295  459s  (eta 502s)
== phase run: the n=5 L=8 rung ==
   K = 3865 orbits; grid [0.46]
   [block p=0.46] RESUMED at chunk 3962/8295 (state 02:38:47)
      [block p=0.46] chunk 3969/8295  90s  (eta 99s)
      [block p=0.46] chunk 3977/8295  180s  (eta 196s)
      [block p=0.46] chunk 3985/8295  279s  (eta 302s)
      [block p=0.46] chunk 3993/8295  374s  (eta 403s)
      [block p=0.46] chunk 4001/8295  468s  (eta 502s)
== phase run: the n=5 L=8 rung ==
   K = 3865 orbits; grid [0.46]
   [block p=0.46] RESUMED at chunk 4002/8295 (state 02:51:24)
      [block p=0.46] chunk 4009/8295  92s  (eta 98s)
      [block p=0.46] chunk 4017/8295  186s  (eta 198s)
      [block p=0.46] chunk 4025/8295  280s  (eta 297s)
      [block p=0.46] chunk 4033/8295  378s  (eta 400s)
      [block p=0.46] chunk 4041/8295  481s  (eta 506s)
== phase run: the n=5 L=8 rung ==
   K = 3865 orbits; grid [0.46]
   [block p=0.46] RESUMED at chunk 4042/8295 (state 03:00:25)
      [block p=0.46] chunk 4049/8295  88s  (eta 92s)
      [block p=0.46] chunk 4057/8295  176s  (eta 184s)
      [block p=0.46] chunk 4065/8295  269s  (eta 280s)
      [block p=0.46] chunk 4073/8295  367s  (eta 380s)
      [block p=0.46] chunk 4081/8295  471s  (eta 486s)
== phase run: the n=5 L=8 rung ==
   K = 3865 orbits; grid [0.46]
   [block p=0.46] RESUMED at chunk 4082/8295 (state 03:08:58)
      [block p=0.46] chunk 4089/8295  81s  (eta 83s)
      [block p=0.46] chunk 4097/8295  173s  (eta 177s)
      [block p=0.46] chunk 4105/8295  263s  (eta 268s)
      [block p=0.46] chunk 4113/8295  354s  (eta 360s)
      [block p=0.46] chunk 4121/8295  441s  (eta 447s)
== phase run: the n=5 L=8 rung ==
   K = 3865 orbits; grid [0.46]
   [block p=0.46] RESUMED at chunk 4122/8295 (state 03:20:51)
      [block p=0.46] chunk 4129/8295  87s  (eta 88s)
      [block p=0.46] chunk 4137/8295  189s  (eta 190s)
      [block p=0.46] chunk 4145/8295  282s  (eta 282s)
      [block p=0.46] chunk 4153/8295  387s  (eta 386s)
      [block p=0.46] chunk 4161/8295  482s  (eta 479s)
== phase run: the n=5 L=8 rung ==
   K = 3865 orbits; grid [0.46]
   [block p=0.46] RESUMED at chunk 4162/8295 (state 03:30:16)
      [block p=0.46] chunk 4169/8295  91s  (eta 90s)
      [block p=0.46] chunk 4177/8295  183s  (eta 181s)
      [block p=0.46] chunk 4185/8295  276s  (eta 271s)
      [block p=0.46] chunk 4193/8295  367s  (eta 359s)
      [block p=0.46] chunk 4201/8295  469s  (eta 457s)
== phase run: the n=5 L=8 rung ==
   K = 3865 orbits; grid [0.46]
   [block p=0.46] RESUMED at chunk 4202/8295 (state 03:38:47)
      [block p=0.46] chunk 4209/8295  86s  (eta 83s)
      [block p=0.46] chunk 4217/8295  174s  (eta 168s)
      [block p=0.46] chunk 4225/8295  276s  (eta 266s)
      [block p=0.46] chunk 4233/8295  379s  (eta 363s)
      [block p=0.46] chunk 4241/8295  472s  (eta 451s)
== phase run: the n=5 L=8 rung ==
   K = 3865 orbits; grid [0.46]
   [block p=0.46] RESUMED at chunk 4242/8295 (state 03:52:13)
      [block p=0.46] chunk 4249/8295  86s  (eta 82s)
      [block p=0.46] chunk 4257/8295  183s  (eta 173s)
      [block p=0.46] chunk 4265/8295  269s  (eta 254s)
      [block p=0.46] chunk 4273/8295  359s  (eta 338s)
      [block p=0.46] chunk 4281/8295  449s  (eta 421s)
== phase run: the n=5 L=8 rung ==
   K = 3865 orbits; grid [0.46]
   [block p=0.46] RESUMED at chunk 4282/8295 (state 04:00:35)
      [block p=0.46] chunk 4289/8295  91s  (eta 85s)
      [block p=0.46] chunk 4297/8295  186s  (eta 173s)
      [block p=0.46] chunk 4305/8295  279s  (eta 259s)
      [block p=0.46] chunk 4313/8295  378s  (eta 349s)
      [block p=0.46] chunk 4321/8295  471s  (eta 433s)
== phase run: the n=5 L=8 rung ==
   K = 3865 orbits; grid [0.46]
   [block p=0.46] RESUMED at chunk 4322/8295 (state 04:09:40)
      [block p=0.46] chunk 4329/8295  83s  (eta 76s)
      [block p=0.46] chunk 4337/8295  177s  (eta 161s)
      [block p=0.46] chunk 4345/8295  279s  (eta 254s)
      [block p=0.46] chunk 4353/8295  369s  (eta 334s)
      [block p=0.46] chunk 4361/8295  462s  (eta 417s)
== phase run: the n=5 L=8 rung ==
   K = 3865 orbits; grid [0.46]
   [block p=0.46] RESUMED at chunk 4362/8295 (state 04:21:10)
      [block p=0.46] chunk 4369/8295  83s  (eta 75s)
      [block p=0.46] chunk 4377/8295  182s  (eta 162s)
      [block p=0.46] chunk 4385/8295  270s  (eta 241s)
      [block p=0.46] chunk 4393/8295  358s  (eta 318s)
      [block p=0.46] chunk 4401/8295  444s  (eta 393s)
== phase run: the n=5 L=8 rung ==
   K = 3865 orbits; grid [0.46]
   [block p=0.46] RESUMED at chunk 4402/8295 (state 04:29:36)
      [block p=0.46] chunk 4409/8295  82s  (eta 72s)
      [block p=0.46] chunk 4417/8295  173s  (eta 152s)
      [block p=0.46] chunk 4425/8295  263s  (eta 230s)
      [block p=0.46] chunk 4433/8295  355s  (eta 310s)
      [block p=0.46] chunk 4441/8295  444s  (eta 385s)
